-- phpMyAdmin SQL Dump
-- version 5.0.2
-- https://www.phpmyadmin.net/
--
-- Host: 127.0.0.1
-- Waktu pembuatan: 13 Agu 2020 pada 08.48
-- Versi server: 10.4.13-MariaDB
-- Versi PHP: 7.2.31

SET SQL_MODE = "NO_AUTO_VALUE_ON_ZERO";
START TRANSACTION;
SET time_zone = "+00:00";


/*!40101 SET @OLD_CHARACTER_SET_CLIENT=@@CHARACTER_SET_CLIENT */;
/*!40101 SET @OLD_CHARACTER_SET_RESULTS=@@CHARACTER_SET_RESULTS */;
/*!40101 SET @OLD_COLLATION_CONNECTION=@@COLLATION_CONNECTION */;
/*!40101 SET NAMES utf8mb4 */;

--
-- Database: `perpus`
--

-- --------------------------------------------------------

--
-- Struktur dari tabel `tb_admin`
--

CREATE TABLE `tb_admin` (
  `id_admin` varchar(8) NOT NULL,
  `password` varchar(32) NOT NULL,
  `nama` varchar(30) NOT NULL,
  `alamat` varchar(30) NOT NULL,
  `no_hp` char(13) NOT NULL,
  `img` varchar(50) NOT NULL
) ENGINE=InnoDB DEFAULT CHARSET=latin1;

-- --------------------------------------------------------

--
-- Struktur dari tabel `tb_agama`
--

CREATE TABLE `tb_agama` (
  `id_agama` int(2) NOT NULL,
  `agama` varchar(20) NOT NULL
) ENGINE=InnoDB DEFAULT CHARSET=latin1;

--
-- Dumping data untuk tabel `tb_agama`
--

INSERT INTO `tb_agama` (`id_agama`, `agama`) VALUES
(2, 'Islam'),
(3, 'Konghucu'),
(4, 'Budha'),
(5, 'Katholik'),
(6, 'Hindu');

-- --------------------------------------------------------

--
-- Struktur dari tabel `tb_anggota`
--

CREATE TABLE `tb_anggota` (
  `id_anggota` varchar(11) NOT NULL,
  `nama` varchar(100) NOT NULL,
  `id_kelas` int(2) NOT NULL,
  `id_agama` int(2) NOT NULL,
  `jenis_kelamin` enum('L','P') NOT NULL,
  `hp` varchar(15) NOT NULL,
  `alamat` text NOT NULL,
  `ket` text NOT NULL
) ENGINE=InnoDB DEFAULT CHARSET=latin1;

-- --------------------------------------------------------

--
-- Struktur dari tabel `tb_buku`
--

CREATE TABLE `tb_buku` (
  `id_buku` char(15) NOT NULL,
  `ISBN` varchar(20) NOT NULL,
  `judul` varchar(100) NOT NULL,
  `id_kategori` int(3) NOT NULL,
  `id_penerbit` int(3) NOT NULL,
  `id_pengarang` int(3) NOT NULL,
  `no_rak` int(2) NOT NULL,
  `thn_terbit` year(4) NOT NULL,
  `stok` int(3) NOT NULL,
  `ket` text NOT NULL
) ENGINE=InnoDB DEFAULT CHARSET=latin1;

--
-- Dumping data untuk tabel `tb_buku`
--

INSERT INTO `tb_buku` (`id_buku`, `ISBN`, `judul`, `id_kategori`, `id_penerbit`, `id_pengarang`, `no_rak`, `thn_terbit`, `stok`, `ket`) VALUES
('1', '', 'Buku Siswa Tema 3 Peduli Terhadap Makhluk Hidup', 9, 7, 7, 6, 0000, 60, ''),
('10', '', 'Buku Siswa Tema 6 Merawat Hewan dan Tumbuhan', 7, 10, 14, 6, 0000, 68, ''),
('103', '978-979-571-457-6', 'Berkreasi dengan kain bekas', 16, 22, 49, 6, 2007, 1, ''),
('104', '978-602-8382-21-2', 'Kisah-Kisah dalam Al-Qur\'an 4', 17, 23, 50, 6, 2009, 2, ''),
('106', '9791130531', 'Bimbingan Pembelajaran Metematika', 6, 25, 52, 6, 2007, 1, ''),
('107', '978-979-045-859-8', 'Belajar Kepada Mereka yang Pantang Menyerah', 15, 26, 53, 6, 2009, 2, ''),
('108', '979-8955-88-9', 'Berkreasi dengan Kulit Jangung', 16, 27, 54, 6, 2010, 2, ''),
('11', '', 'Buku Siswa Tema 6 Panas dan Perpindahanya', 10, 10, 15, 6, 0000, 55, ''),
('111', '978-602-8131-06-3', 'Mengamati Kehidupan Flora dan Fauna', 13, 29, 57, 6, 2008, 2, ''),
('112', '978-979-0-32-380-2', 'Pendidikan Jasmani, Olahraga, dan Kesehatan', 10, 30, 58, 6, 2017, 1, ''),
('113', '979-744-444-9', 'Bertamasya Keluar Angkasa', 13, 22, 62, 6, 2006, 2, ''),
('114', '978-979-3073-90-3', 'Belajar IPA Menyenangkan', 10, 31, 59, 6, 2008, 2, ''),
('115', '978-979-3073-89-7', 'Belajar IPA Menyenangkan', 11, 31, 59, 6, 2008, 2, ''),
('118', '979-9417-76-7', 'Bermain dengan Sains', 13, 33, 61, 6, 2010, 2, ''),
('12', '', 'Buku Siswa Tema 7 Peristiwa dalam Kehidupan', 10, 7, 8, 6, 0000, 55, ''),
('120', '978-979-3259-89-5', 'Dosa-Dosa Besar', 17, 35, 64, 6, 2010, 2, ''),
('121', '978-602-8382-20-5', 'Kisah-Kisah dalam Al-Qur\'an 3', 17, 23, 50, 6, 2009, 2, ''),
('122', '9791130574', 'Bimbingan Pelajaran Matematika', 10, 25, 52, 6, 2007, 1, ''),
('123', '9791131562', 'Bimbingan Pelajaran IPA', 6, 25, 65, 6, 2007, 1, ''),
('124', '979-15406-6-7', 'Ayo Mengenal Reptil Lebih Jauh', 13, 36, 66, 6, 2006, 2, ''),
('125', '979-15406-1-6', 'Berkreasi Dengan Limbah Kayu', 16, 36, 67, 6, 2006, 2, ''),
('126', '978-602-8169-11-0', 'Ayo Berkebun', 18, 37, 68, 6, 2007, 2, ''),
('127', '978-979-004-015-0', 'Budi Pekerti kepada Guru', 19, 38, 69, 6, 2009, 2, ''),
('13', '', 'Buku Siswa Tema 5 Pengalamanku', 6, 9, 16, 6, 0000, 66, ''),
('130', '979-9414-64-4', 'Aku Ingin Menjadi Penulis Cilik', 15, 41, 72, 6, 2010, 2, ''),
('131', '', 'Kisah-Kisah dalam Al-Qur\'an 2', 17, 23, 50, 6, 2012, 2, ''),
('132', '', 'Kisah-Kisah dalam Al-Qur\'an 5', 17, 23, 50, 6, 2009, 2, ''),
('133', '978-979-048-245-6', 'Atletik Cabang Lempar', 20, 43, 74, 6, 2008, 2, ''),
('134', '979-9282-77-5', 'Siapa Bilang Aku Lemah !', 15, 44, 75, 6, 2010, 2, ''),
('135', '978-979-17609-6-6', 'Memahami Sains disekitar rumah', 13, 49, 76, 6, 2008, 2, ''),
('136', '979-744-692-1', 'Bagaimana Binatang Berkembang Biak', 13, 22, 81, 6, 2006, 2, ''),
('137', '', 'Menguak Keajaiban Energi', 13, 45, 77, 6, 2011, 1, ''),
('138', '979-758-525-5', 'Lebih Dekat dengan Lautku Vol.1', 13, 50, 77, 6, 2008, 1, ''),
('139', '979-758-526-3', 'Lebih Dekat dengan Lautku Vol.2', 13, 50, 77, 6, 2008, 1, ''),
('14', '', 'Buku Siswa Tema 6 Lingkungan Bersih, Sehat dan Asri', 6, 11, 17, 6, 0000, 68, ''),
('140', '979-758-526-3', 'Lebih Dekat dengan Lautku Vol.3', 13, 50, 77, 6, 2008, 2, ''),
('141', '9791130566', 'Bimbingan Pembelajaran Matematika', 9, 25, 52, 6, 2007, 2, ''),
('142', '978-979-026-018-4', 'Dasar-dasar Bahasa Arab', 17, 46, 78, 6, 2014, 2, ''),
('143', '978-602-8489-07-2', 'Aneka Kreasi dari Lembar Busa', 16, 47, 79, 6, 2010, 2, ''),
('144', '979-9327-20-2', 'Ensiklopedia Anak Nasional', 14, 48, 80, 6, 2012, 2, ''),
('145', '', 'Bimbingan Pelajaran IPA', 11, 25, 65, 6, 2007, 2, ''),
('146', '979-1192-12-x', 'Sains Untuk Pemula 1', 13, 51, 82, 6, 2007, 2, ''),
('147', '979-1192-12-x', 'Sains Untuk Pemula 2', 13, 51, 82, 6, 2007, 2, ''),
('148', '979-1192-12-x', 'Sains Untuk Pemula 3', 13, 51, 82, 6, 2007, 2, ''),
('149', '979-1192-12-x', 'Sains Untuk Pemula 4', 13, 51, 82, 6, 2007, 2, ''),
('15', '', 'Buku Siswa Tema 7 Benda, Hewan dan Tanaman disekitarku', 6, 9, 18, 6, 0000, 66, ''),
('150', '979-1192-12-x', 'Sains Untuk Pemula 5', 13, 51, 82, 6, 2007, 2, ''),
('151', '979-1192-12-x', 'Sains Untuk Pemula 6', 13, 51, 82, 6, 2007, 2, ''),
('152', '979-1192-12-x', 'Sains Untuk Pemula 7', 13, 51, 82, 6, 2007, 2, ''),
('153', '979-1192-12-x', 'Sains Untuk Pemula 8', 13, 51, 82, 6, 2007, 2, ''),
('154', '979-1192-12-x', 'Sains Untuk Pemula 9', 13, 51, 82, 6, 2007, 2, ''),
('155', '979-1192-12-x', 'Sains Untuk Pemula 10', 13, 51, 82, 6, 2007, 2, ''),
('156', '978-502-8357-12-8', 'Celebration', 15, 44, 83, 6, 2008, 2, ''),
('157', '978-979-018-999-7', '90 Experimen 2', 13, 26, 84, 6, 2008, 1, ''),
('158', '978-979-018-378-0', '90 Kerajinan Tangan ', 16, 26, 84, 6, 2008, 2, ''),
('159', '979-758-521-2', 'Bumiku', 13, 50, 85, 6, 2017, 4, ''),
('16', '', 'Buku Siswa Tema 9 Peristiwa Alam', 6, 9, 19, 6, 0000, 66, ''),
('160', '979-758-526-3', 'Lautku', 13, 50, 85, 6, 2007, 2, ''),
('161', '979-9417-75-9', 'Bermain dengan Sains 4', 13, 33, 86, 6, 2008, 2, ''),
('162', '979-9417-74-0', 'Bermain dengan Sains 3', 13, 33, 86, 6, 2010, 2, ''),
('163', '978-979-042-015-1', 'Tokoh-Tokoh Pengubah Dunia', 14, 53, 87, 6, 2010, 2, ''),
('164', '', 'Enskloopedia Air', 13, 54, 88, 6, 2008, 0, ''),
('165', '978-602-8147-22-4', 'Buku Seri Akhlak mulia mengukir jati diri', 19, 55, 89, 6, 2008, 2, ''),
('166', '978-602-8147-18-7', 'Buku Seri Akhlak Mulia Ingin Banyak Teman', 17, 55, 89, 6, 2008, 2, ''),
('167', '978-602-81710-78-7', 'Akrab dengan Aljabar', 15, 56, 90, 6, 2010, 2, ''),
('168', '9791131570', 'Bimbingan Pembelajaran Ilmu Pengetahuan Alam', 13, 25, 91, 6, 2007, 2, ''),
('169', '', 'Menyelidiki Udara', 13, 57, 92, 6, 2011, 2, ''),
('17', '', 'Buku Siswa Tema 6 Cita-citaku', 9, 11, 20, 6, 0000, 49, ''),
('170', '979-745-45-639-0', 'Kreasi Matematika Cilik', 22, 58, 93, 6, 2012, 2, ''),
('171', '978-602-61225-9-9', 'Seri Pembentuk Karakter Belajar bertanggung jawab', 19, 59, 94, 6, 2017, 1, 'sd selatan'),
('172', '978-602-317-188-0', 'Amazing cerita-cerita menajubkan tentang keajaiban langit', 13, 60, 95, 6, 2015, 1, 'sd selatan'),
('173', '978-602-317-294-8', 'Amazing cerita-cerita menajubkan tentang bumi', 13, 60, 95, 6, 2016, 1, ''),
('174', '978-623-216-618-9', 'Tanya Jawab Seru Tentang Tata Surya', 13, 61, 96, 6, 2018, 1, ''),
('175', '978-623-216-617-2', 'Tanya Jawab Seru Tentang Planet Kita', 13, 61, 96, 6, 2018, 1, ''),
('176', '978-602-317-388-4', 'Super Amazing cerita-cerita dan fakta sains tentang serangga', 13, 62, 97, 6, 2017, 1, ''),
('177', '978-602-1694-53-4', '99 Fakta Unik Tumbuhan', 18, 63, 98, 6, 2017, 1, ''),
('178', '978-602-2218-676-2', 'Akulah Mangga', 18, 64, 103, 6, 0000, 1, ''),
('179', '978-979-515-580-5', 'yang khas dari Italia', 23, 65, 99, 6, 2014, 1, ''),
('18', '', 'Buku Siswa Tema 7 Indahnya Keragaman Negriku', 9, 11, 9, 6, 0000, 49, ''),
('180', '978-979-1477-88-8', 'peta kuliner favorit jakarta', 23, 66, 100, 6, 2009, 1, ''),
('181', '978-979-515-583-6', 'masakan & dessert Taiwan', 23, 65, 99, 6, 2014, 1, ''),
('182', '979-602-6787-21-7', 'kesabaran ibu gajah', 24, 67, 101, 6, 0000, 1, ''),
('183', '978-602-03-0677-3', 'Suguhan Legit Manis ala Sisca Soewitomo', 23, 68, 102, 6, 2014, 1, ''),
('184', '978-602-03-0741-1', '80 Resep Cake & Pasty', 23, 68, 102, 6, 2014, 1, ''),
('185', '978-602-1527-05-4', 'Teka - Teki Silang Untuk Anak', 25, 70, 104, 6, 2017, 1, ''),
('186', '978-623-7324-43-0', 'Aku Pandai Mengenal Huruf', 25, 71, 105, 6, 2019, 1, ''),
('187', '978-602-04-5290-6', '30 Dongeng Dunia', 24, 72, 106, 6, 2018, 1, ''),
('188', '978-602-51347-1-5', '34 Dongeng Super Amazing Kekayaan Fauna Indonesia', 24, 73, 107, 6, 2018, 1, ''),
('189', '978-602-67-63-37-2', 'Dongeng Prience dan Priencess', 24, 74, 108, 6, 2016, 1, ''),
('19', '', 'Buku Siswa Tema 8 Daerah Tempat Tinggalku', 9, 9, 11, 6, 0000, 49, ''),
('190', '978-602-402-179-0', 'Mengenal Kerajaan-Kerajaaan Bersar Nusantara', 24, 75, 109, 6, 2018, 1, ''),
('191', '978-602-418-153-6', 'Calistung', 25, 76, 110, 6, 2017, 1, ''),
('192', '978-979-221-981-4', 'The Woodland Hutan', 25, 68, 111, 6, 2019, 1, ''),
('193', '978-979-077-106-2', 'Air Karunia Allah', 13, 77, 112, 6, 2017, 2, ''),
('194', '978-979-077-107-9', 'Bumi Karunia Allah', 13, 77, 112, 6, 2017, 2, ''),
('195', '978-979-077-157-4', 'Alam Semesta Kebesaran Allah', 13, 77, 112, 6, 2009, 2, ''),
('196', '978-979-077-166-6', 'Pahlawanku Berani Karena Benar', 24, 77, 113, 6, 2017, 2, ''),
('197', '978-602-51135-2-9', 'Super Cretive Magic', 25, 78, 117, 6, 0000, 2, ''),
('198', '978-602-7618-30-5', 'Ensiklopedia Olahraga Untuk Sekolah Dasar', 20, 79, 118, 6, 2013, 6, ''),
('199', '978-979-911-083-1', 'Atlas Pahlawan Indonesia', 14, 80, 119, 6, 2011, 1, ''),
('2', '', 'Buku Siswa Tema 4 Berbagi Pekerjaan', 9, 7, 7, 6, 0000, 50, ''),
('20', '', 'Buku Siswa Tema 9 Karyanya Negriku', 9, 9, 8, 6, 0000, 49, ''),
('200', '978-602-242-814-5', 'Aku Cinta Hadis Mari Saling Membantu', 24, 81, 120, 6, 2016, 1, ''),
('201', '619123002', 'Berani Kedokter Gigi', 24, 68, 121, 6, 2019, 1, ''),
('202', '978-602-1659-93-9', 'All in 1 Aktifitas Super Seru Star Kids Mengenal Alat Berat', 25, 73, 122, 6, 2017, 1, ''),
('203', '978-602-05-2220-3', '10 Menit Jago Menggambar', 25, 82, 123, 6, 2010, 1, ''),
('204', '978-602-317-298-6', 'Buku Labirin Jelajah Dunia', 15, 86, 103, 6, 2019, 1, ''),
('205', '978-602-317-298-6', 'Cara Dahsyat para Setan Menggoda Manusia', 26, 60, 124, 6, 2016, 1, ''),
('206', '978-602-420-066-4', 'Tadabur Al-Qur\'an #1', 17, 83, 125, 6, 2016, 1, ''),
('207', '978-602-250-529-7', 'Juz Amma Tajwid', 17, 77, 126, 6, 2019, 1, ''),
('208', '', 'Kisah Teladan 25 Nabi', 24, 84, 127, 6, 2017, 1, ''),
('209', '', '99 Fakta Unik Dan Ajaib DalamIslam', 17, 84, 128, 6, 2018, 1, ''),
('21', '', 'Buku Siswa Tema 7 Kebersamaan', 7, 12, 21, 6, 0000, 54, ''),
('210', '978-602-378-086-0', 'Menulis Huruf , Angka, Berhitung, Menggambar dan Mewarnai', 25, 85, 129, 6, 2018, 1, ''),
('22', '', 'Buku Siswa Tema 8 Keselamatan dirumah dan perjalanan', 7, 11, 22, 6, 0000, 52, ''),
('23', '', 'Buku Siswa Tema 8 Lingkungan Sahabat Kita', 10, 13, 9, 6, 0000, 55, ''),
('24', '', 'Buku Siswa Tema 9 Benda-Benda disekitar kita', 10, 13, 11, 6, 0000, 55, ''),
('25', '', 'Panas dan Perpindahanya Tema 6', 10, 12, 23, 6, 0000, 2, ''),
('26', '', 'Peristiwa dalam Kehidupan Tema 7', 10, 12, 8, 6, 0000, 2, ''),
('27', '', 'Lingkungan Sahabat Kita Tema 8', 10, 12, 9, 6, 0000, 2, ''),
('28', '', 'Benda - Benda disekitar kita Tema 9', 10, 12, 11, 6, 0000, 2, ''),
('29', '', 'Keselamatan dirumah dan perjalanan Tema 8', 7, 12, 22, 6, 0000, 2, ''),
('3', '', 'Buku Tema 5 Pahlawanku', 9, 7, 7, 6, 0000, 50, ''),
('31', '', 'Pengalamanku Tema 5', 7, 12, 13, 6, 0000, 2, ''),
('32', '', 'Pertumbuhan dan Perkembangan makhluk hidup Tema 1', 8, 7, 18, 6, 0000, 52, ''),
('33', '', 'Menyayangi Tumbuhan dan Hewan Tema 2', 8, 7, 26, 6, 0000, 52, ''),
('34', '', 'Kewajiban dan Hakku Tema 4', 8, 7, 27, 6, 2000, 55, ''),
('35', '', 'Benda disekitarku Tema 3', 8, 7, 28, 6, 0000, 52, ''),
('36', '', 'Selamatkan Makhluk hidup Tema 2', 11, 7, 29, 6, 0000, 53, ''),
('37', '', 'Persatuan dan Perbedaan Tema 2', 11, 7, 29, 6, 0000, 53, ''),
('38', '', 'Tokoh dan Penemuan Tema 3', 11, 7, 29, 6, 0000, 53, ''),
('39', '', 'Globalisasi Tema 4', 11, 7, 29, 6, 0000, 53, ''),
('4', '', 'Buku Siswa Tema 1 Organ Gerak Hewan dan Manusia', 10, 8, 8, 6, 0000, 55, ''),
('40', '', 'Wirausaha Tema 5', 11, 7, 29, 6, 0000, 53, ''),
('41', '', 'Matematika Kelas 6', 11, 14, 30, 6, 0000, 53, ''),
('42', '', 'Indahnya Kebersamaan Tema 1', 9, 7, 29, 6, 0000, 10, ''),
('43', '', 'Pahlawanku Tema 5', 9, 7, 29, 6, 0000, 10, ''),
('44', '', 'Tugasku Sehari-hari Tema 3', 7, 10, 21, 6, 0000, 14, ''),
('45', '', 'Bermain di Lingkunganku Tema 2', 7, 7, 13, 6, 0000, 14, ''),
('46', '', 'Hidup Rukun Tema 1 ', 7, 7, 25, 6, 0000, 14, ''),
('47', '', 'Hidup Bersih dan Sehat Tema 4', 7, 7, 22, 6, 0000, 14, ''),
('48', '', 'Buku Pegangan Guru Panas dan Perpindahanya Tema 6', 10, 12, 23, 6, 0000, 2, ''),
('49', '', 'Buku Pegangan Guru Peristiwa dalam Kehidupan Tema 7', 10, 12, 24, 6, 0000, 2, ''),
('5', '', 'Buku Siswa Tema 2 Udara Bersih Bagi Kesehatan', 10, 7, 9, 6, 0000, 65, ''),
('50', '', 'Buku Pegangan Guru Lingkungan disekitar kita Tema 8', 10, 12, 9, 6, 0000, 2, ''),
('51', '', 'Buku Pegangan Guru  Benda-Benda disekitarku Tema 9', 10, 12, 11, 6, 0000, 13, ''),
('52', '', 'Buku Pegangan Guru Keselamatan dirumah dan diperjalanan Tema 8', 7, 12, 22, 6, 0000, 0, ''),
('53', '', 'Buku Pegangan Guru Kebersamaan Tema 7', 7, 12, 21, 6, 0000, 2, ''),
('54', '', 'Buku Pegangan Guru Pengalamanku Tema 5', 7, 12, 13, 6, 0000, 2, ''),
('55', '', 'Buku Pegangan Guru Merawat Hewan dan Tanaman Tema 6', 7, 12, 25, 6, 0000, 2, ''),
('56', '', 'Buku Pegangan Guru Cuaca Tema 5', 8, 7, 32, 6, 2019, 3, ''),
('57', '', 'Buku Pegangan Guru Energi dan Perubahan Tema 6', 8, 7, 31, 6, 2019, 3, ''),
('58', '', 'Buku Pegangan Guru Perkembangan Teknologi Tema 7', 8, 7, 33, 6, 2019, 20, ''),
('59', '', 'Buku Pegangan Guru Praja Muda Karana Tema 8', 8, 7, 34, 6, 2019, 20, ''),
('6', '', 'Buku Siswa Tema 3 Makanan Sehat', 10, 7, 10, 6, 0000, 66, ''),
('60', '', 'Buku Pegangan Guru Menuju Masyarakat Sejahtera Tema 6', 11, 7, 11, 6, 2019, 3, ''),
('61', '', 'Buku Pegangan Guru Kepemimpinan Tema 7', 11, 7, 9, 6, 2019, 3, ''),
('62', '', 'Buku Pegangan Guru Bumiku Tema 8', 11, 7, 10, 6, 2019, 3, ''),
('63', '', 'Buku Pegangan Guru Menjelajah Angkasa Luar Tema 9', 11, 7, 12, 6, 2019, 3, ''),
('64', '', 'Buku Siswa Kelas 4 Ajar Basa Jawa ', 9, 15, 35, 6, 2019, 49, ''),
('65', '', 'Buku Siswa Kelas 5 Ajar Basa Jawa', 10, 15, 36, 6, 2019, 59, ''),
('66', '', 'Buku Siswa Kelas 6 Ajar Basa Jawa', 11, 15, 44, 6, 2019, 48, ''),
('67', '', 'Buku Siswa Kelas 1 Ajar Basa Jawa', 6, 16, 36, 6, 2018, 0, ''),
('68', '', 'Buku Siswa Kelas 3 Ajar Basa Jawa', 8, 16, 37, 6, 2018, 0, ''),
('69', '', 'Buku Siswa Kelas 2 Ajar Basa Jawa', 7, 15, 38, 6, 0000, 65, ''),
('7', '', 'Buku Siswa Tema 4 Sehat Itu Penting', 10, 7, 11, 6, 0000, 65, ''),
('70', '', 'Buku Siswa Tema 2 Kegemaranku', 6, 13, 39, 6, 0000, 2, ''),
('71', '', 'Buku Siswa Tema 3 Kegiatanku', 6, 7, 17, 6, 0000, 13, ''),
('72', '', 'Buku Siswa Tema 4 Keluargaku', 6, 13, 40, 6, 0000, 13, ''),
('73', '', 'Buku Siswa Tema 7 Benda, Hewan dan Tanaman disekitarku', 6, 7, 41, 6, 0000, 4, ''),
('74', '', 'Buku Siswa Tema 8 Peristiwa Alam', 6, 7, 19, 6, 0000, 5, ''),
('75', '', 'Buku Siswa Tema 1 Hidup Rukun', 7, 13, 25, 6, 0000, 2, ''),
('76', '', 'Buku Siswa tema 2 Bermain Dilingkunganku', 7, 13, 13, 6, 0000, 2, ''),
('77', '', 'Buku Siswa Tema 3 Tugasku Sehari-hari', 7, 7, 21, 6, 0000, 3, ''),
('78', '', 'Buku Siswa Tema 4 Hidup Bersih dan Sehat', 7, 7, 22, 6, 0000, 17, ''),
('79', '', 'Buku Siswa Tema 5 Pengalamanku', 7, 7, 13, 6, 0000, 14, ''),
('8', '', 'Buku Siswa Tema 5 Ekosistem ', 10, 9, 12, 6, 0000, 55, ''),
('80', '', 'Buku Siswa Tema 6 Merawat Hewan dan Tumbuhan', 7, 17, 25, 6, 0000, 10, ''),
('81', '', 'Buku Siswa Tema 7 Kebersamaan', 7, 7, 21, 6, 0000, 7, ''),
('82', '', 'Buku Siswa Tema 8 Keselamatan dirumah dan perjalanan', 7, 7, 22, 6, 0000, 4, ''),
('83', '', 'Buku Siswa Tema 1 Pertumbuhan dan Perkembangan Makhluk Hidup', 7, 13, 41, 6, 0000, 15, ''),
('84', '', 'Buku Siswa Tema 2 Menyayangi Tumbuhan dan Hewan', 8, 7, 26, 6, 0000, 14, ''),
('85', '', 'Buku Siswa Tema 3 Benda disekitarku', 8, 13, 42, 6, 0000, 0, ''),
('86', '', 'BUku Siswa Tema 4 Kewajibanku dan Hakku', 8, 13, 43, 6, 0000, 17, ''),
('87', '', 'Buku Siswa Tema 5 Cuaca', 8, 7, 19, 6, 0000, 17, ''),
('88', '', 'Buku Siswa Tema 6 Energi dan Perubahan', 8, 7, 22, 6, 0000, 18, ''),
('89', '', 'Buku Siswa Tema 1 Organ Gerak Hewan dan Manusia', 10, 7, 8, 6, 0000, 6, ''),
('9', '', 'Buku Tema 5 Pengalamanku', 7, 10, 13, 6, 0000, 52, ''),
('90', '', 'Buku Siswa Tema 3 Makanan Sehat', 10, 7, 10, 6, 0000, 11, ''),
('91', '', 'Buku Siswa Tema 5 Ekosistem ', 10, 7, 12, 6, 0000, 11, ''),
('92', '', 'Buku Siswa Tema 6 Panas dan Perpindahanya', 10, 11, 12, 6, 0000, 12, ''),
('93', '', 'Buku Siswa Tema 7 Peristiwa dalam Kehidupan', 10, 13, 24, 6, 0000, 11, ''),
('94', '', 'Buku Siswa Tema 8 Lingkungan Sahabat Kita', 10, 11, 9, 6, 0000, 11, ''),
('98', '978-602-8237-30-7', 'Koperasi Syariah', 15, 21, 48, 6, 2008, 2, '');

-- --------------------------------------------------------

--
-- Struktur dari tabel `tb_denda`
--

CREATE TABLE `tb_denda` (
  `id_denda` int(6) NOT NULL,
  `denda` int(6) NOT NULL,
  `status` enum('A','N') NOT NULL
) ENGINE=InnoDB DEFAULT CHARSET=latin1;

--
-- Dumping data untuk tabel `tb_denda`
--

INSERT INTO `tb_denda` (`id_denda`, `denda`, `status`) VALUES
(6, 500, 'N'),
(7, 1000, 'N'),
(8, 2000, 'A');

-- --------------------------------------------------------

--
-- Struktur dari tabel `tb_detail_buku`
--

CREATE TABLE `tb_detail_buku` (
  `id_detail_buku` int(11) NOT NULL,
  `id_buku` char(15) NOT NULL,
  `no_buku` varchar(16) NOT NULL,
  `status` char(1) NOT NULL DEFAULT '0'
) ENGINE=InnoDB DEFAULT CHARSET=latin1;

--
-- Dumping data untuk tabel `tb_detail_buku`
--

INSERT INTO `tb_detail_buku` (`id_detail_buku`, `id_buku`, `no_buku`, `status`) VALUES
(143, '1', '1', '1'),
(144, '1', '2', '1'),
(145, '1', '3', '1'),
(146, '1', '4', '1'),
(147, '1', '5', '1'),
(148, '1', '6', '1'),
(149, '1', '7', '1'),
(150, '1', '8', '1'),
(151, '1', '9', '1'),
(152, '1', '10', '1'),
(153, '1', '11', '1'),
(154, '1', '12', '1'),
(155, '1', '13', '1'),
(156, '1', '14', '1'),
(157, '1', '15', '1'),
(158, '1', '16', '1'),
(159, '1', '17', '1'),
(160, '1', '18', '1'),
(161, '1', '19', '1'),
(162, '1', '20', '1'),
(163, '1', '21', '1'),
(164, '1', '22', '1'),
(165, '1', '23', '1'),
(166, '1', '24', '1'),
(167, '1', '25', '1'),
(168, '1', '26', '1'),
(169, '1', '27', '1'),
(170, '1', '28', '1'),
(171, '1', '29', '1'),
(172, '1', '30', '1'),
(173, '1', '31', '1'),
(174, '1', '32', '1'),
(175, '1', '33', '1'),
(176, '1', '34', '1'),
(177, '1', '35', '1'),
(178, '1', '36', '1'),
(179, '1', '37', '1'),
(180, '1', '38', '1'),
(181, '1', '39', '1'),
(182, '1', '40', '1'),
(183, '1', '41', '1'),
(184, '1', '42', '1'),
(185, '1', '43', '1'),
(186, '1', '44', '1'),
(187, '1', '45', '1'),
(188, '1', '46', '1'),
(189, '1', '47', '1'),
(190, '1', '48', '1'),
(191, '1', '49', '1'),
(192, '1', '50', '1'),
(193, '2', '1', '1'),
(194, '2', '2', '1'),
(195, '2', '3', '1'),
(196, '2', '4', '1'),
(197, '2', '5', '1'),
(198, '2', '6', '1'),
(199, '2', '7', '1'),
(200, '2', '8', '1'),
(201, '2', '9', '1'),
(202, '2', '10', '1'),
(203, '2', '11', '1'),
(204, '2', '12', '1'),
(205, '2', '13', '1'),
(206, '2', '14', '1'),
(207, '2', '15', '1'),
(208, '2', '16', '1'),
(209, '2', '17', '1'),
(210, '2', '18', '1'),
(211, '2', '19', '1'),
(212, '2', '20', '1'),
(213, '2', '21', '1'),
(214, '2', '22', '1'),
(215, '2', '23', '1'),
(216, '2', '24', '1'),
(217, '2', '25', '1'),
(218, '2', '26', '1'),
(219, '2', '27', '1'),
(220, '2', '28', '1'),
(221, '2', '29', '1'),
(222, '2', '30', '1'),
(223, '2', '31', '1'),
(224, '2', '32', '1'),
(225, '2', '33', '1'),
(226, '2', '34', '1'),
(227, '2', '35', '1'),
(228, '2', '36', '1'),
(229, '2', '37', '1'),
(230, '2', '38', '1'),
(231, '2', '39', '1'),
(232, '2', '40', '1'),
(233, '2', '41', '1'),
(234, '2', '42', '1'),
(235, '2', '43', '1'),
(236, '2', '44', '1'),
(237, '2', '45', '1'),
(238, '2', '46', '1'),
(239, '2', '47', '1'),
(240, '2', '48', '1'),
(241, '2', '49', '1'),
(242, '2', '50', '1'),
(243, '3', '1', '1'),
(244, '3', '2', '1'),
(245, '3', '3', '1'),
(246, '3', '4', '1'),
(247, '3', '5', '1'),
(248, '3', '6', '1'),
(249, '3', '7', '1'),
(250, '3', '8', '1'),
(251, '3', '9', '1'),
(252, '3', '10', '1'),
(253, '3', '11', '1'),
(254, '3', '12', '1'),
(255, '3', '13', '1'),
(256, '3', '14', '1'),
(257, '3', '15', '1'),
(258, '3', '16', '1'),
(259, '3', '17', '1'),
(260, '3', '18', '1'),
(261, '3', '19', '1'),
(262, '3', '20', '1'),
(263, '3', '21', '1'),
(264, '3', '22', '1'),
(265, '3', '23', '1'),
(266, '3', '24', '1'),
(267, '3', '25', '1'),
(268, '3', '26', '1'),
(269, '3', '27', '1'),
(270, '3', '28', '1'),
(271, '3', '29', '1'),
(272, '3', '30', '1'),
(273, '3', '31', '1'),
(274, '3', '32', '1'),
(275, '3', '33', '1'),
(276, '3', '34', '1'),
(277, '3', '35', '1'),
(278, '3', '36', '1'),
(279, '3', '37', '1'),
(280, '3', '38', '1'),
(281, '3', '39', '1'),
(282, '3', '40', '1'),
(283, '3', '41', '1'),
(284, '3', '42', '1'),
(285, '3', '43', '1'),
(286, '3', '44', '1'),
(287, '3', '45', '1'),
(288, '3', '46', '1'),
(289, '3', '47', '1'),
(290, '3', '48', '1'),
(291, '3', '49', '1'),
(292, '3', '50', '1'),
(293, '4', '1', '1'),
(294, '4', '2', '1'),
(295, '4', '3', '1'),
(296, '4', '4', '1'),
(297, '4', '5', '1'),
(298, '4', '6', '1'),
(299, '4', '7', '1'),
(300, '4', '8', '1'),
(301, '4', '9', '1'),
(302, '4', '10', '1'),
(303, '4', '11', '1'),
(304, '4', '12', '1'),
(305, '4', '13', '1'),
(306, '4', '14', '1'),
(307, '4', '15', '1'),
(308, '4', '16', '1'),
(309, '4', '17', '1'),
(310, '4', '18', '1'),
(311, '4', '19', '1'),
(312, '4', '20', '1'),
(313, '4', '21', '1'),
(314, '4', '22', '1'),
(315, '4', '23', '1'),
(316, '4', '24', '1'),
(317, '4', '25', '1'),
(318, '4', '26', '1'),
(319, '4', '27', '1'),
(320, '4', '28', '1'),
(321, '4', '29', '1'),
(322, '4', '30', '1'),
(323, '4', '31', '1'),
(324, '4', '32', '1'),
(325, '4', '33', '1'),
(326, '4', '34', '1'),
(327, '4', '35', '1'),
(328, '4', '36', '1'),
(329, '4', '37', '1'),
(330, '4', '38', '1'),
(331, '4', '39', '1'),
(332, '4', '40', '1'),
(333, '4', '41', '1'),
(334, '4', '42', '1'),
(335, '4', '43', '1'),
(336, '4', '44', '1'),
(337, '4', '45', '1'),
(338, '4', '46', '1'),
(339, '4', '47', '1'),
(340, '4', '48', '1'),
(341, '4', '49', '1'),
(342, '4', '50', '1'),
(343, '4', '51', '1'),
(344, '4', '52', '1'),
(345, '4', '53', '1'),
(346, '4', '54', '1'),
(347, '4', '55', '1'),
(348, '5', '1', '1'),
(349, '5', '2', '1'),
(350, '5', '3', '1'),
(351, '5', '4', '1'),
(352, '5', '5', '1'),
(353, '5', '6', '1'),
(354, '5', '7', '1'),
(355, '5', '8', '1'),
(356, '5', '9', '1'),
(357, '5', '10', '1'),
(358, '5', '11', '1'),
(359, '5', '12', '1'),
(360, '5', '13', '1'),
(361, '5', '14', '1'),
(362, '5', '15', '1'),
(363, '5', '16', '1'),
(364, '5', '17', '1'),
(365, '5', '18', '1'),
(366, '5', '19', '1'),
(367, '5', '20', '1'),
(368, '5', '21', '1'),
(369, '5', '22', '1'),
(370, '5', '23', '1'),
(371, '5', '24', '1'),
(372, '5', '25', '1'),
(373, '5', '26', '1'),
(374, '5', '27', '1'),
(375, '5', '28', '1'),
(376, '5', '29', '1'),
(377, '5', '30', '1'),
(378, '5', '31', '1'),
(379, '5', '32', '1'),
(380, '5', '33', '1'),
(381, '5', '34', '1'),
(382, '5', '35', '1'),
(383, '5', '36', '1'),
(384, '5', '37', '1'),
(385, '5', '38', '1'),
(386, '5', '39', '1'),
(387, '5', '40', '1'),
(388, '5', '41', '1'),
(389, '5', '42', '1'),
(390, '5', '43', '1'),
(391, '5', '44', '1'),
(392, '5', '45', '1'),
(393, '5', '46', '1'),
(394, '5', '47', '1'),
(395, '5', '48', '1'),
(396, '5', '49', '1'),
(397, '5', '50', '1'),
(398, '5', '51', '1'),
(399, '5', '52', '1'),
(400, '5', '53', '1'),
(401, '5', '54', '1'),
(402, '5', '55', '1'),
(403, '6', '1', '1'),
(404, '6', '2', '1'),
(405, '6', '3', '1'),
(406, '6', '4', '1'),
(407, '6', '5', '1'),
(408, '6', '6', '1'),
(409, '6', '7', '1'),
(410, '6', '8', '1'),
(411, '6', '9', '1'),
(412, '6', '10', '1'),
(413, '6', '11', '1'),
(414, '6', '12', '1'),
(415, '6', '13', '1'),
(416, '6', '14', '1'),
(417, '6', '15', '1'),
(418, '6', '16', '1'),
(419, '6', '17', '1'),
(420, '6', '18', '1'),
(421, '6', '19', '1'),
(422, '6', '20', '1'),
(423, '6', '21', '1'),
(424, '6', '22', '1'),
(425, '6', '23', '1'),
(426, '6', '24', '1'),
(427, '6', '25', '1'),
(428, '6', '26', '1'),
(429, '6', '27', '1'),
(430, '6', '28', '1'),
(431, '6', '29', '1'),
(432, '6', '30', '1'),
(433, '6', '31', '1'),
(434, '6', '32', '1'),
(435, '6', '33', '1'),
(436, '6', '34', '1'),
(437, '6', '35', '1'),
(438, '6', '36', '1'),
(439, '6', '37', '1'),
(440, '6', '38', '1'),
(441, '6', '39', '1'),
(442, '6', '40', '1'),
(443, '6', '41', '1'),
(444, '6', '42', '1'),
(445, '6', '43', '1'),
(446, '6', '44', '1'),
(447, '6', '45', '1'),
(448, '6', '46', '1'),
(449, '6', '47', '1'),
(450, '6', '48', '1'),
(451, '6', '49', '1'),
(452, '6', '50', '1'),
(453, '6', '51', '1'),
(454, '6', '52', '1'),
(455, '6', '53', '1'),
(456, '6', '54', '1'),
(457, '6', '55', '1'),
(458, '7', '1', '1'),
(459, '7', '2', '1'),
(460, '7', '3', '1'),
(461, '7', '4', '1'),
(462, '7', '5', '1'),
(463, '7', '6', '1'),
(464, '7', '7', '1'),
(465, '7', '8', '1'),
(466, '7', '9', '1'),
(467, '7', '10', '1'),
(468, '7', '11', '1'),
(469, '7', '12', '1'),
(470, '7', '13', '1'),
(471, '7', '14', '1'),
(472, '7', '15', '1'),
(473, '7', '16', '1'),
(474, '7', '17', '1'),
(475, '7', '18', '1'),
(476, '7', '19', '1'),
(477, '7', '20', '1'),
(478, '7', '21', '1'),
(479, '7', '22', '1'),
(480, '7', '23', '1'),
(481, '7', '24', '1'),
(482, '7', '25', '1'),
(483, '7', '26', '1'),
(484, '7', '27', '1'),
(485, '7', '28', '1'),
(486, '7', '29', '1'),
(487, '7', '30', '1'),
(488, '7', '31', '1'),
(489, '7', '32', '1'),
(490, '7', '33', '1'),
(491, '7', '34', '1'),
(492, '7', '35', '1'),
(493, '7', '36', '1'),
(494, '7', '37', '1'),
(495, '7', '38', '1'),
(496, '7', '39', '1'),
(497, '7', '40', '1'),
(498, '7', '41', '1'),
(499, '7', '42', '1'),
(500, '7', '43', '1'),
(501, '7', '44', '1'),
(502, '7', '45', '1'),
(503, '7', '46', '1'),
(504, '7', '47', '1'),
(505, '7', '48', '1'),
(506, '7', '49', '1'),
(507, '7', '50', '1'),
(508, '7', '51', '1'),
(509, '7', '52', '1'),
(510, '7', '53', '1'),
(511, '7', '54', '1'),
(512, '7', '55', '1'),
(513, '8', '1', '1'),
(514, '8', '2', '1'),
(515, '8', '3', '1'),
(516, '8', '4', '1'),
(517, '8', '5', '1'),
(518, '8', '6', '1'),
(519, '8', '7', '1'),
(520, '8', '8', '1'),
(521, '8', '9', '1'),
(522, '8', '10', '1'),
(523, '8', '11', '1'),
(524, '8', '12', '1'),
(525, '8', '13', '1'),
(526, '8', '14', '1'),
(527, '8', '15', '1'),
(528, '8', '16', '1'),
(529, '8', '17', '1'),
(530, '8', '18', '1'),
(531, '8', '19', '1'),
(532, '8', '20', '1'),
(533, '8', '21', '1'),
(534, '8', '22', '1'),
(535, '8', '23', '1'),
(536, '8', '24', '1'),
(537, '8', '25', '1'),
(538, '8', '26', '1'),
(539, '8', '27', '1'),
(540, '8', '28', '1'),
(541, '8', '29', '1'),
(542, '8', '30', '1'),
(543, '8', '31', '1'),
(544, '8', '32', '1'),
(545, '8', '33', '1'),
(546, '8', '34', '1'),
(547, '8', '35', '1'),
(548, '8', '36', '1'),
(549, '8', '37', '1'),
(550, '8', '38', '1'),
(551, '8', '39', '1'),
(552, '8', '40', '1'),
(553, '8', '41', '1'),
(554, '8', '42', '1'),
(555, '8', '43', '1'),
(556, '8', '44', '1'),
(557, '8', '45', '1'),
(558, '8', '46', '1'),
(559, '8', '47', '1'),
(560, '8', '48', '1'),
(561, '8', '49', '1'),
(562, '8', '50', '1'),
(563, '8', '51', '1'),
(564, '8', '52', '1'),
(565, '8', '53', '1'),
(566, '8', '54', '1'),
(567, '8', '55', '1'),
(620, '9', '1', '1'),
(621, '9', '2', '1'),
(622, '9', '3', '1'),
(623, '9', '4', '1'),
(624, '9', '5', '1'),
(625, '9', '6', '1'),
(626, '9', '7', '1'),
(627, '9', '8', '1'),
(628, '9', '9', '1'),
(629, '9', '10', '1'),
(630, '9', '11', '1'),
(631, '9', '12', '1'),
(632, '9', '13', '1'),
(633, '9', '14', '1'),
(634, '9', '15', '1'),
(635, '9', '16', '1'),
(636, '9', '17', '1'),
(637, '9', '18', '1'),
(638, '9', '19', '1'),
(639, '9', '20', '1'),
(640, '9', '21', '1'),
(641, '9', '22', '1'),
(642, '9', '23', '1'),
(643, '9', '24', '1'),
(644, '9', '25', '1'),
(645, '9', '26', '1'),
(646, '9', '27', '1'),
(647, '9', '28', '1'),
(648, '9', '29', '1'),
(649, '9', '30', '1'),
(650, '9', '31', '1'),
(651, '9', '32', '1'),
(652, '9', '33', '1'),
(653, '9', '34', '1'),
(654, '9', '35', '1'),
(655, '9', '36', '1'),
(656, '9', '37', '1'),
(657, '9', '38', '1'),
(658, '9', '39', '1'),
(659, '9', '40', '1'),
(660, '9', '41', '1'),
(661, '9', '42', '1'),
(662, '9', '43', '1'),
(663, '9', '44', '1'),
(664, '9', '45', '1'),
(665, '9', '46', '1'),
(666, '9', '47', '1'),
(667, '9', '48', '1'),
(668, '9', '49', '1'),
(669, '9', '50', '1'),
(670, '9', '51', '1'),
(671, '9', '52', '1'),
(672, '10', '1', '1'),
(673, '10', '2', '1'),
(674, '10', '3', '1'),
(675, '10', '4', '1'),
(676, '10', '5', '1'),
(677, '10', '6', '1'),
(678, '10', '7', '1'),
(679, '10', '8', '1'),
(680, '10', '9', '1'),
(681, '10', '10', '1'),
(682, '10', '11', '1'),
(683, '10', '12', '1'),
(684, '10', '13', '1'),
(685, '10', '14', '1'),
(686, '10', '15', '1'),
(687, '10', '16', '1'),
(688, '10', '17', '1'),
(689, '10', '18', '1'),
(690, '10', '19', '1'),
(691, '10', '20', '1'),
(692, '10', '21', '1'),
(693, '10', '22', '1'),
(694, '10', '23', '1'),
(695, '10', '24', '1'),
(696, '10', '25', '1'),
(697, '10', '26', '1'),
(698, '10', '27', '1'),
(699, '10', '28', '1'),
(700, '10', '29', '1'),
(701, '10', '30', '1'),
(702, '10', '31', '1'),
(703, '10', '32', '1'),
(704, '10', '33', '1'),
(705, '10', '34', '1'),
(706, '10', '35', '1'),
(707, '10', '36', '1'),
(708, '10', '37', '1'),
(709, '10', '38', '1'),
(710, '10', '39', '1'),
(711, '10', '40', '1'),
(712, '10', '41', '1'),
(713, '10', '42', '1'),
(714, '10', '43', '1'),
(715, '10', '44', '1'),
(716, '10', '45', '1'),
(717, '10', '46', '1'),
(718, '10', '47', '1'),
(719, '10', '48', '1'),
(720, '10', '49', '1'),
(721, '10', '50', '1'),
(722, '10', '51', '1'),
(723, '10', '52', '1'),
(724, '11', '1', '1'),
(725, '11', '2', '1'),
(726, '11', '3', '1'),
(727, '11', '4', '1'),
(728, '11', '5', '1'),
(729, '11', '6', '1'),
(730, '11', '7', '1'),
(731, '11', '8', '1'),
(732, '11', '9', '1'),
(733, '11', '10', '1'),
(734, '11', '11', '1'),
(735, '11', '12', '1'),
(736, '11', '13', '1'),
(737, '11', '14', '1'),
(738, '11', '15', '1'),
(739, '11', '16', '1'),
(740, '11', '17', '1'),
(741, '11', '18', '1'),
(742, '11', '19', '1'),
(743, '11', '20', '1'),
(744, '11', '21', '1'),
(745, '11', '22', '1'),
(746, '11', '23', '1'),
(747, '11', '24', '1'),
(748, '11', '25', '1'),
(749, '11', '26', '1'),
(750, '11', '27', '1'),
(751, '11', '28', '1'),
(752, '11', '29', '1'),
(753, '11', '30', '1'),
(754, '11', '31', '1'),
(755, '11', '32', '1'),
(756, '11', '33', '1'),
(757, '11', '34', '1'),
(758, '11', '35', '1'),
(759, '11', '36', '1'),
(760, '11', '37', '1'),
(761, '11', '38', '1'),
(762, '11', '39', '1'),
(763, '11', '40', '1'),
(764, '11', '41', '1'),
(765, '11', '42', '1'),
(766, '11', '43', '1'),
(767, '11', '44', '1'),
(768, '11', '45', '1'),
(769, '11', '46', '1'),
(770, '11', '47', '1'),
(771, '11', '48', '1'),
(772, '11', '49', '1'),
(773, '11', '50', '1'),
(774, '11', '51', '1'),
(775, '11', '52', '1'),
(776, '11', '53', '1'),
(777, '11', '54', '1'),
(778, '11', '55', '1'),
(779, '12', '1', '1'),
(780, '12', '2', '1'),
(781, '12', '3', '1'),
(782, '12', '4', '1'),
(783, '12', '5', '1'),
(784, '12', '6', '1'),
(785, '12', '7', '1'),
(786, '12', '8', '1'),
(787, '12', '9', '1'),
(788, '12', '10', '1'),
(789, '12', '11', '1'),
(790, '12', '12', '1'),
(791, '12', '13', '1'),
(792, '12', '14', '1'),
(793, '12', '15', '1'),
(794, '12', '16', '1'),
(795, '12', '17', '1'),
(796, '12', '18', '1'),
(797, '12', '19', '1'),
(798, '12', '20', '1'),
(799, '12', '21', '1'),
(800, '12', '22', '1'),
(801, '12', '23', '1'),
(802, '12', '24', '1'),
(803, '12', '25', '1'),
(804, '12', '26', '1'),
(805, '12', '27', '1'),
(806, '12', '28', '1'),
(807, '12', '29', '1'),
(808, '12', '30', '1'),
(809, '12', '31', '1'),
(810, '12', '32', '1'),
(811, '12', '33', '1'),
(812, '12', '34', '1'),
(813, '12', '35', '1'),
(814, '12', '36', '1'),
(815, '12', '37', '1'),
(816, '12', '38', '1'),
(817, '12', '39', '1'),
(818, '12', '40', '1'),
(819, '12', '41', '1'),
(820, '12', '42', '1'),
(821, '12', '43', '1'),
(822, '12', '44', '1'),
(823, '12', '45', '1'),
(824, '12', '46', '1'),
(825, '12', '47', '1'),
(826, '12', '48', '1'),
(827, '12', '49', '1'),
(828, '12', '50', '1'),
(829, '12', '51', '1'),
(830, '12', '52', '1'),
(831, '12', '53', '1'),
(832, '12', '54', '1'),
(833, '12', '55', '1'),
(834, '13', '1', '1'),
(835, '13', '2', '1'),
(836, '13', '3', '1'),
(837, '13', '4', '1'),
(838, '13', '5', '1'),
(839, '13', '6', '1'),
(840, '13', '7', '1'),
(841, '13', '8', '1'),
(842, '13', '9', '1'),
(843, '13', '10', '1'),
(844, '13', '11', '1'),
(845, '13', '12', '1'),
(846, '13', '13', '1'),
(847, '13', '14', '1'),
(848, '13', '15', '1'),
(849, '13', '16', '1'),
(850, '13', '17', '1'),
(851, '13', '18', '1'),
(852, '13', '19', '1'),
(853, '13', '20', '1'),
(854, '13', '21', '1'),
(855, '13', '22', '1'),
(856, '13', '23', '1'),
(857, '13', '24', '1'),
(858, '13', '25', '1'),
(859, '13', '26', '1'),
(860, '13', '27', '1'),
(861, '13', '28', '1'),
(862, '13', '29', '1'),
(863, '13', '30', '1'),
(864, '13', '31', '1'),
(865, '13', '32', '1'),
(866, '13', '33', '1'),
(867, '13', '34', '1'),
(868, '13', '35', '1'),
(869, '13', '36', '1'),
(870, '13', '37', '1'),
(871, '13', '38', '1'),
(872, '13', '39', '1'),
(873, '13', '40', '1'),
(874, '13', '41', '1'),
(875, '13', '42', '1'),
(876, '13', '43', '1'),
(877, '13', '44', '1'),
(878, '13', '45', '1'),
(879, '13', '46', '1'),
(880, '13', '47', '1'),
(881, '13', '48', '1'),
(882, '13', '49', '1'),
(883, '13', '50', '1'),
(884, '13', '51', '1'),
(885, '13', '52', '1'),
(886, '13', '53', '1'),
(887, '13', '54', '1'),
(888, '13', '55', '1'),
(889, '13', '56', '1'),
(890, '13', '57', '1'),
(891, '13', '58', '1'),
(892, '13', '59', '1'),
(893, '13', '60', '1'),
(894, '13', '61', '1'),
(895, '13', '62', '1'),
(896, '13', '63', '1'),
(897, '13', '64', '1'),
(898, '13', '65', '1'),
(899, '13', '66', '1'),
(900, '14', '1', '1'),
(901, '14', '2', '1'),
(902, '14', '3', '1'),
(903, '14', '4', '1'),
(904, '14', '5', '0'),
(905, '14', '6', '1'),
(906, '14', '7', '1'),
(907, '14', '8', '1'),
(908, '14', '9', '1'),
(909, '14', '10', '1'),
(910, '14', '11', '1'),
(911, '14', '12', '1'),
(912, '14', '13', '1'),
(913, '14', '14', '1'),
(914, '14', '15', '1'),
(915, '14', '16', '1'),
(916, '14', '17', '1'),
(917, '14', '18', '1'),
(918, '14', '19', '1'),
(919, '14', '20', '1'),
(920, '14', '21', '1'),
(921, '14', '22', '1'),
(922, '14', '23', '1'),
(923, '14', '24', '1'),
(924, '14', '25', '1'),
(925, '14', '26', '1'),
(926, '14', '27', '1'),
(927, '14', '28', '1'),
(928, '14', '29', '1'),
(929, '14', '30', '1'),
(930, '14', '31', '1'),
(931, '14', '32', '1'),
(932, '14', '33', '1'),
(933, '14', '34', '1'),
(934, '14', '35', '1'),
(935, '14', '36', '1'),
(936, '14', '37', '1'),
(937, '14', '38', '1'),
(938, '14', '39', '1'),
(939, '14', '40', '1'),
(940, '14', '41', '1'),
(941, '14', '42', '1'),
(942, '14', '43', '1'),
(943, '14', '44', '1'),
(944, '14', '45', '1'),
(945, '14', '46', '1'),
(946, '14', '47', '1'),
(947, '14', '48', '1'),
(948, '14', '49', '1'),
(949, '14', '50', '1'),
(950, '14', '51', '1'),
(951, '14', '52', '1'),
(952, '14', '53', '1'),
(953, '14', '54', '1'),
(954, '14', '55', '1'),
(955, '14', '56', '1'),
(956, '14', '57', '1'),
(957, '14', '58', '1'),
(958, '14', '59', '1'),
(959, '14', '60', '1'),
(960, '14', '61', '1'),
(961, '14', '62', '1'),
(962, '14', '63', '1'),
(963, '14', '64', '1'),
(964, '14', '65', '1'),
(965, '14', '66', '1'),
(966, '15', '1', '1'),
(967, '15', '2', '1'),
(968, '15', '3', '1'),
(969, '15', '4', '1'),
(970, '15', '5', '1'),
(971, '15', '6', '1'),
(972, '15', '7', '1'),
(973, '15', '8', '1'),
(974, '15', '9', '1'),
(975, '15', '10', '1'),
(976, '15', '11', '1'),
(977, '15', '12', '1'),
(978, '15', '13', '1'),
(979, '15', '14', '1'),
(980, '15', '15', '1'),
(981, '15', '16', '1'),
(982, '15', '17', '1'),
(983, '15', '18', '1'),
(984, '15', '19', '1'),
(985, '15', '20', '1'),
(986, '15', '21', '1'),
(987, '15', '22', '1'),
(988, '15', '23', '1'),
(989, '15', '24', '1'),
(990, '15', '25', '1'),
(991, '15', '26', '1'),
(992, '15', '27', '1'),
(993, '15', '28', '1'),
(994, '15', '29', '1'),
(995, '15', '30', '1'),
(996, '15', '31', '1'),
(997, '15', '32', '1'),
(998, '15', '33', '1'),
(999, '15', '34', '1'),
(1000, '15', '35', '1'),
(1001, '15', '36', '1'),
(1002, '15', '37', '1'),
(1003, '15', '38', '1'),
(1004, '15', '39', '1'),
(1005, '15', '40', '1'),
(1006, '15', '41', '1'),
(1007, '15', '42', '1'),
(1008, '15', '43', '1'),
(1009, '15', '44', '1'),
(1010, '15', '45', '1'),
(1011, '15', '46', '1'),
(1012, '15', '47', '1'),
(1013, '15', '48', '1'),
(1014, '15', '49', '1'),
(1015, '15', '50', '1'),
(1016, '15', '51', '1'),
(1017, '15', '52', '1'),
(1018, '15', '53', '1'),
(1019, '15', '54', '1'),
(1020, '15', '55', '1'),
(1021, '15', '56', '1'),
(1022, '15', '57', '1'),
(1023, '15', '58', '1'),
(1024, '15', '59', '1'),
(1025, '15', '60', '1'),
(1026, '15', '61', '1'),
(1027, '15', '62', '1'),
(1028, '15', '63', '1'),
(1029, '15', '64', '1'),
(1030, '15', '65', '1'),
(1031, '15', '66', '1'),
(1032, '16', '1', '1'),
(1033, '16', '2', '1'),
(1034, '16', '3', '1'),
(1035, '16', '4', '1'),
(1036, '16', '5', '1'),
(1037, '16', '6', '1'),
(1038, '16', '7', '1'),
(1039, '16', '8', '1'),
(1040, '16', '9', '1'),
(1041, '16', '10', '1'),
(1042, '16', '11', '1'),
(1043, '16', '12', '1'),
(1044, '16', '13', '1'),
(1045, '16', '14', '1'),
(1046, '16', '15', '1'),
(1047, '16', '16', '1'),
(1048, '16', '17', '1'),
(1049, '16', '18', '1'),
(1050, '16', '19', '1'),
(1051, '16', '20', '1'),
(1052, '16', '21', '1'),
(1053, '16', '22', '1'),
(1054, '16', '23', '1'),
(1055, '16', '24', '1'),
(1056, '16', '25', '1'),
(1057, '16', '26', '1'),
(1058, '16', '27', '1'),
(1059, '16', '28', '1'),
(1060, '16', '29', '1'),
(1061, '16', '30', '1'),
(1062, '16', '31', '1'),
(1063, '16', '32', '1'),
(1064, '16', '33', '1'),
(1065, '16', '34', '1'),
(1066, '16', '35', '1'),
(1067, '16', '36', '1'),
(1068, '16', '37', '1'),
(1069, '16', '38', '1'),
(1070, '16', '39', '1'),
(1071, '16', '40', '1'),
(1072, '16', '41', '1'),
(1073, '16', '42', '1'),
(1074, '16', '43', '1'),
(1075, '16', '44', '1'),
(1076, '16', '45', '1'),
(1077, '16', '46', '1'),
(1078, '16', '47', '1'),
(1079, '16', '48', '1'),
(1080, '16', '49', '1'),
(1081, '16', '50', '1'),
(1082, '16', '51', '1'),
(1083, '16', '52', '1'),
(1084, '16', '53', '1'),
(1085, '16', '54', '1'),
(1086, '16', '55', '1'),
(1087, '16', '56', '1'),
(1088, '16', '57', '1'),
(1089, '16', '58', '1'),
(1090, '16', '59', '1'),
(1091, '16', '60', '1'),
(1092, '16', '61', '1'),
(1093, '16', '62', '1'),
(1094, '16', '63', '1'),
(1095, '16', '64', '1'),
(1096, '16', '65', '1'),
(1097, '16', '66', '1'),
(1098, '17', '1', '1'),
(1099, '17', '2', '1'),
(1100, '17', '3', '1'),
(1101, '17', '4', '1'),
(1102, '17', '5', '1'),
(1103, '17', '6', '1'),
(1104, '17', '7', '1'),
(1105, '17', '8', '1'),
(1106, '17', '9', '1'),
(1107, '17', '10', '1'),
(1108, '17', '11', '1'),
(1109, '17', '12', '1'),
(1110, '17', '13', '1'),
(1111, '17', '14', '1'),
(1112, '17', '15', '1'),
(1113, '17', '16', '1'),
(1114, '17', '17', '1'),
(1115, '17', '18', '1'),
(1116, '17', '19', '1'),
(1117, '17', '20', '1'),
(1118, '17', '21', '1'),
(1119, '17', '22', '1'),
(1120, '17', '23', '1'),
(1121, '17', '24', '1'),
(1122, '17', '25', '1'),
(1123, '17', '26', '1'),
(1124, '17', '27', '1'),
(1125, '17', '28', '1'),
(1126, '17', '29', '1'),
(1127, '17', '30', '1'),
(1128, '17', '31', '1'),
(1129, '17', '32', '1'),
(1130, '17', '33', '1'),
(1131, '17', '34', '1'),
(1132, '17', '35', '1'),
(1133, '17', '36', '1'),
(1134, '17', '37', '1'),
(1135, '17', '38', '1'),
(1136, '17', '39', '1'),
(1137, '17', '40', '1'),
(1138, '17', '41', '1'),
(1139, '17', '42', '1'),
(1140, '17', '43', '1'),
(1141, '17', '44', '1'),
(1142, '17', '45', '1'),
(1143, '17', '46', '1'),
(1144, '17', '47', '1'),
(1145, '17', '48', '1'),
(1146, '17', '49', '1'),
(1147, '18', '1', '1'),
(1148, '18', '2', '1'),
(1149, '18', '3', '1'),
(1150, '18', '4', '1'),
(1151, '18', '5', '1'),
(1152, '18', '6', '1'),
(1153, '18', '7', '1'),
(1154, '18', '8', '1'),
(1155, '18', '9', '1'),
(1156, '18', '10', '1'),
(1157, '18', '11', '1'),
(1158, '18', '12', '1'),
(1159, '18', '13', '1'),
(1160, '18', '14', '1'),
(1161, '18', '15', '1'),
(1162, '18', '16', '1'),
(1163, '18', '17', '1'),
(1164, '18', '18', '1'),
(1165, '18', '19', '1'),
(1166, '18', '20', '1'),
(1167, '18', '21', '1'),
(1168, '18', '22', '1'),
(1169, '18', '23', '1'),
(1170, '18', '24', '1'),
(1171, '18', '25', '1'),
(1172, '18', '26', '1'),
(1173, '18', '27', '1'),
(1174, '18', '28', '1'),
(1175, '18', '29', '1'),
(1176, '18', '30', '1'),
(1177, '18', '31', '1'),
(1178, '18', '32', '1'),
(1179, '18', '33', '1'),
(1180, '18', '34', '1'),
(1181, '18', '35', '1'),
(1182, '18', '36', '1'),
(1183, '18', '37', '1'),
(1184, '18', '38', '1'),
(1185, '18', '39', '1'),
(1186, '18', '40', '1'),
(1187, '18', '41', '1'),
(1188, '18', '42', '1'),
(1189, '18', '43', '1'),
(1190, '18', '44', '1'),
(1191, '18', '45', '1'),
(1192, '18', '46', '1'),
(1193, '18', '47', '1'),
(1194, '18', '48', '1'),
(1195, '18', '49', '1'),
(1196, '19', '1', '1'),
(1197, '19', '2', '1'),
(1198, '19', '3', '1'),
(1199, '19', '4', '1'),
(1200, '19', '5', '1'),
(1201, '19', '6', '1'),
(1202, '19', '7', '1'),
(1203, '19', '8', '1'),
(1204, '19', '9', '1'),
(1205, '19', '10', '1'),
(1206, '19', '11', '1'),
(1207, '19', '12', '1'),
(1208, '19', '13', '1'),
(1209, '19', '14', '1'),
(1210, '19', '15', '1'),
(1211, '19', '16', '1'),
(1212, '19', '17', '1'),
(1213, '19', '18', '1'),
(1214, '19', '19', '1'),
(1215, '19', '20', '1'),
(1216, '19', '21', '1'),
(1217, '19', '22', '1'),
(1218, '19', '23', '1'),
(1219, '19', '24', '1'),
(1220, '19', '25', '1'),
(1221, '19', '26', '1'),
(1222, '19', '27', '1'),
(1223, '19', '28', '1'),
(1224, '19', '29', '1'),
(1225, '19', '30', '1'),
(1226, '19', '31', '1'),
(1227, '19', '32', '1'),
(1228, '19', '33', '1'),
(1229, '19', '34', '1'),
(1230, '19', '35', '1'),
(1231, '19', '36', '1'),
(1232, '19', '37', '1'),
(1233, '19', '38', '1'),
(1234, '19', '39', '1'),
(1235, '19', '40', '1'),
(1236, '19', '41', '1'),
(1237, '19', '42', '1'),
(1238, '19', '43', '1'),
(1239, '19', '44', '1'),
(1240, '19', '45', '1'),
(1241, '19', '46', '1'),
(1242, '19', '47', '1'),
(1243, '19', '48', '1'),
(1244, '19', '49', '1'),
(1245, '20', '1', '1'),
(1246, '20', '2', '1'),
(1247, '20', '3', '1'),
(1248, '20', '4', '1'),
(1249, '20', '5', '1'),
(1250, '20', '6', '1'),
(1251, '20', '7', '1'),
(1252, '20', '8', '1'),
(1253, '20', '9', '1'),
(1254, '20', '10', '1'),
(1255, '20', '11', '1'),
(1256, '20', '12', '1'),
(1257, '20', '13', '1'),
(1258, '20', '14', '1'),
(1259, '20', '15', '1'),
(1260, '20', '16', '1'),
(1261, '20', '17', '1'),
(1262, '20', '18', '1'),
(1263, '20', '19', '1'),
(1264, '20', '20', '1'),
(1265, '20', '21', '1'),
(1266, '20', '22', '1'),
(1267, '20', '23', '1'),
(1268, '20', '24', '1'),
(1269, '20', '25', '1'),
(1270, '20', '26', '1'),
(1271, '20', '27', '1'),
(1272, '20', '28', '1'),
(1273, '20', '29', '1'),
(1274, '20', '30', '1'),
(1275, '20', '31', '1'),
(1276, '20', '32', '1'),
(1277, '20', '33', '1'),
(1278, '20', '34', '1'),
(1279, '20', '35', '1'),
(1280, '20', '36', '1'),
(1281, '20', '37', '1'),
(1282, '20', '38', '1'),
(1283, '20', '39', '1'),
(1284, '20', '40', '1'),
(1285, '20', '41', '1'),
(1286, '20', '42', '1'),
(1287, '20', '43', '1'),
(1288, '20', '44', '1'),
(1289, '20', '45', '1'),
(1290, '20', '46', '1'),
(1291, '20', '47', '1'),
(1292, '20', '48', '1'),
(1293, '20', '49', '1'),
(1294, '21', '1', '1'),
(1295, '21', '2', '1'),
(1296, '21', '3', '1'),
(1297, '21', '4', '1'),
(1298, '21', '5', '1'),
(1299, '21', '6', '1'),
(1300, '21', '7', '1'),
(1301, '21', '8', '1'),
(1302, '21', '9', '1'),
(1303, '21', '10', '1'),
(1304, '21', '11', '1'),
(1305, '21', '12', '1'),
(1306, '21', '13', '1'),
(1307, '21', '14', '1'),
(1308, '21', '15', '1'),
(1309, '21', '16', '1'),
(1310, '21', '17', '1'),
(1311, '21', '18', '1'),
(1312, '21', '19', '1'),
(1313, '21', '20', '1'),
(1314, '21', '21', '1'),
(1315, '21', '22', '1'),
(1316, '21', '23', '1'),
(1317, '21', '24', '1'),
(1318, '21', '25', '1'),
(1319, '21', '26', '1'),
(1320, '21', '27', '1'),
(1321, '21', '28', '1'),
(1322, '21', '29', '1'),
(1323, '21', '30', '1'),
(1324, '21', '31', '1'),
(1325, '21', '32', '1'),
(1326, '21', '33', '1'),
(1327, '21', '34', '1'),
(1328, '21', '35', '1'),
(1329, '21', '36', '1'),
(1330, '21', '37', '1'),
(1331, '21', '38', '1'),
(1332, '21', '39', '1'),
(1333, '21', '40', '1'),
(1334, '21', '41', '1'),
(1335, '21', '42', '1'),
(1336, '21', '43', '1'),
(1337, '21', '44', '1'),
(1338, '21', '45', '1'),
(1339, '21', '46', '1'),
(1340, '21', '47', '1'),
(1341, '21', '48', '1'),
(1342, '21', '49', '1'),
(1343, '21', '50', '1'),
(1344, '21', '51', '1'),
(1345, '21', '52', '1'),
(1346, '22', '1', '1'),
(1347, '22', '2', '1'),
(1348, '22', '3', '1'),
(1349, '22', '4', '1'),
(1350, '22', '5', '1'),
(1351, '22', '6', '1'),
(1352, '22', '7', '1'),
(1353, '22', '8', '1'),
(1354, '22', '9', '1'),
(1355, '22', '10', '1'),
(1356, '22', '11', '1'),
(1357, '22', '12', '1'),
(1358, '22', '13', '1'),
(1359, '22', '14', '1'),
(1360, '22', '15', '1'),
(1361, '22', '16', '1'),
(1362, '22', '17', '1'),
(1363, '22', '18', '1'),
(1364, '22', '19', '1'),
(1365, '22', '20', '1'),
(1366, '22', '21', '1'),
(1367, '22', '22', '1'),
(1368, '22', '23', '1'),
(1369, '22', '24', '1'),
(1370, '22', '25', '1'),
(1371, '22', '26', '1'),
(1372, '22', '27', '1'),
(1373, '22', '28', '1'),
(1374, '22', '29', '1'),
(1375, '22', '30', '1'),
(1376, '22', '31', '1'),
(1377, '22', '32', '1'),
(1378, '22', '33', '1'),
(1379, '22', '34', '1'),
(1380, '22', '35', '1'),
(1381, '22', '36', '1'),
(1382, '22', '37', '1'),
(1383, '22', '38', '1'),
(1384, '22', '39', '1'),
(1385, '22', '40', '1'),
(1386, '22', '41', '1'),
(1387, '22', '42', '1'),
(1388, '22', '43', '1'),
(1389, '22', '44', '1'),
(1390, '22', '45', '1'),
(1391, '22', '46', '1'),
(1392, '22', '47', '1'),
(1393, '22', '48', '1'),
(1394, '22', '49', '1'),
(1395, '22', '50', '1'),
(1396, '22', '51', '1'),
(1397, '22', '52', '1'),
(1398, '23', '1', '1'),
(1399, '23', '2', '1'),
(1400, '23', '3', '1'),
(1401, '23', '4', '1'),
(1402, '23', '5', '1'),
(1403, '23', '6', '1'),
(1404, '23', '7', '1'),
(1405, '23', '8', '1'),
(1406, '23', '9', '1'),
(1407, '23', '10', '1'),
(1408, '23', '11', '1'),
(1409, '23', '12', '1'),
(1410, '23', '13', '1'),
(1411, '23', '14', '1'),
(1412, '23', '15', '1'),
(1413, '23', '16', '1'),
(1414, '23', '17', '1'),
(1415, '23', '18', '1'),
(1416, '23', '19', '1'),
(1417, '23', '20', '1'),
(1418, '23', '21', '1'),
(1419, '23', '22', '1'),
(1420, '23', '23', '1'),
(1421, '23', '24', '1'),
(1422, '23', '25', '1'),
(1423, '23', '26', '1'),
(1424, '23', '27', '1'),
(1425, '23', '28', '1'),
(1426, '23', '29', '1'),
(1427, '23', '30', '1'),
(1428, '23', '31', '1'),
(1429, '23', '32', '1'),
(1430, '23', '33', '1'),
(1431, '23', '34', '1'),
(1432, '23', '35', '1'),
(1433, '23', '36', '1'),
(1434, '23', '37', '1'),
(1435, '23', '38', '1'),
(1436, '23', '39', '1'),
(1437, '23', '40', '1'),
(1438, '23', '41', '1'),
(1439, '23', '42', '1'),
(1440, '23', '43', '1'),
(1441, '23', '44', '1'),
(1442, '23', '45', '1'),
(1443, '23', '46', '1'),
(1444, '23', '47', '1'),
(1445, '23', '48', '1'),
(1446, '23', '49', '1'),
(1447, '23', '50', '1'),
(1448, '23', '51', '1'),
(1449, '23', '52', '1'),
(1450, '23', '53', '1'),
(1451, '23', '54', '1'),
(1452, '23', '55', '1'),
(1453, '24', '1', '1'),
(1454, '24', '2', '1'),
(1455, '24', '3', '1'),
(1456, '24', '4', '1'),
(1457, '24', '5', '1'),
(1458, '24', '6', '1'),
(1459, '24', '7', '1'),
(1460, '24', '8', '1'),
(1461, '24', '9', '1'),
(1462, '24', '10', '1'),
(1463, '24', '11', '1'),
(1464, '24', '12', '1'),
(1465, '24', '13', '1'),
(1466, '24', '14', '1'),
(1467, '24', '15', '1'),
(1468, '24', '16', '1'),
(1469, '24', '17', '1'),
(1470, '24', '18', '1'),
(1471, '24', '19', '1'),
(1472, '24', '20', '1'),
(1473, '24', '21', '1'),
(1474, '24', '22', '1'),
(1475, '24', '23', '1'),
(1476, '24', '24', '1'),
(1477, '24', '25', '1'),
(1478, '24', '26', '1'),
(1479, '24', '27', '1'),
(1480, '24', '28', '1'),
(1481, '24', '29', '1'),
(1482, '24', '30', '1'),
(1483, '24', '31', '1'),
(1484, '24', '32', '1'),
(1485, '24', '33', '1'),
(1486, '24', '34', '1'),
(1487, '24', '35', '1'),
(1488, '24', '36', '1'),
(1489, '24', '37', '1'),
(1490, '24', '38', '1'),
(1491, '24', '39', '1'),
(1492, '24', '40', '1'),
(1493, '24', '41', '1'),
(1494, '24', '42', '1'),
(1495, '24', '43', '1'),
(1496, '24', '44', '1'),
(1497, '24', '45', '1'),
(1498, '24', '46', '1'),
(1499, '24', '47', '1'),
(1500, '24', '48', '1'),
(1501, '24', '49', '1'),
(1502, '24', '50', '1'),
(1503, '24', '51', '1'),
(1504, '24', '52', '1'),
(1505, '24', '53', '1'),
(1506, '24', '54', '1'),
(1507, '24', '55', '1'),
(1508, '25', '1', '1'),
(1509, '25', '2', '1'),
(1510, '26', '1', '1'),
(1511, '26', '2', '1'),
(1512, '27', '1', '1'),
(1513, '27', '2', '1'),
(1514, '28', '1', '1'),
(1515, '28', '2', '1'),
(1516, '29', '1', '1'),
(1517, '29', '2', '1'),
(1520, '31', '1', '1'),
(1521, '31', '2', '1'),
(1522, '10', '53', '1'),
(1523, '10', '54', '1'),
(1524, '10', '55', '1'),
(1525, '10', '56', '1'),
(1526, '10', '57', '1'),
(1527, '10', '58', '1'),
(1528, '10', '59', '1'),
(1529, '10', '60', '1'),
(1530, '10', '61', '1'),
(1531, '10', '62', '1'),
(1532, '10', '63', '1'),
(1533, '10', '64', '1'),
(1534, '10', '65', '1'),
(1535, '10', '66', '1'),
(1536, '10', '67', '1'),
(1537, '10', '68', '1'),
(1538, '32', '1', '1'),
(1539, '32', '2', '1'),
(1540, '32', '3', '1'),
(1541, '32', '4', '1'),
(1542, '32', '5', '1'),
(1543, '32', '6', '1'),
(1544, '32', '7', '1'),
(1545, '32', '8', '1'),
(1546, '32', '9', '1'),
(1547, '32', '10', '1'),
(1548, '32', '11', '1'),
(1549, '32', '12', '1'),
(1550, '32', '13', '1'),
(1551, '32', '14', '1'),
(1552, '32', '15', '1'),
(1553, '32', '16', '1'),
(1554, '32', '17', '1'),
(1555, '32', '18', '1'),
(1556, '32', '19', '1'),
(1557, '32', '20', '1'),
(1558, '32', '21', '1'),
(1559, '32', '22', '1'),
(1560, '32', '23', '1'),
(1561, '32', '24', '1'),
(1562, '32', '25', '1'),
(1563, '32', '26', '1'),
(1564, '32', '27', '1'),
(1565, '32', '28', '1'),
(1566, '32', '29', '1'),
(1567, '32', '30', '1'),
(1568, '32', '31', '1'),
(1569, '32', '32', '1'),
(1570, '32', '33', '1'),
(1571, '32', '34', '1'),
(1572, '32', '35', '1'),
(1573, '32', '36', '1'),
(1574, '32', '37', '1'),
(1575, '32', '38', '1'),
(1576, '32', '39', '1'),
(1577, '32', '40', '1'),
(1578, '32', '41', '1'),
(1579, '32', '42', '1'),
(1580, '32', '43', '1'),
(1581, '32', '44', '1'),
(1582, '32', '45', '1'),
(1583, '32', '46', '1'),
(1584, '32', '47', '1'),
(1585, '32', '48', '1'),
(1586, '32', '49', '1'),
(1587, '32', '50', '1'),
(1588, '32', '51', '1'),
(1589, '32', '52', '1'),
(1590, '33', '1', '1'),
(1591, '33', '2', '1'),
(1592, '33', '3', '1'),
(1593, '33', '4', '1'),
(1594, '33', '5', '1'),
(1595, '33', '6', '1'),
(1596, '33', '7', '1'),
(1597, '33', '8', '1'),
(1598, '33', '9', '1'),
(1599, '33', '10', '1'),
(1600, '33', '11', '1'),
(1601, '33', '12', '1'),
(1602, '33', '13', '1'),
(1603, '33', '14', '1'),
(1604, '33', '15', '1'),
(1605, '33', '16', '1'),
(1606, '33', '17', '1'),
(1607, '33', '18', '1'),
(1608, '33', '19', '1'),
(1609, '33', '20', '1'),
(1610, '33', '21', '1'),
(1611, '33', '22', '1'),
(1612, '33', '23', '1'),
(1613, '33', '24', '1'),
(1614, '33', '25', '1'),
(1615, '33', '26', '1'),
(1616, '33', '27', '1'),
(1617, '33', '28', '1'),
(1618, '33', '29', '1'),
(1619, '33', '30', '1'),
(1620, '33', '31', '1'),
(1621, '33', '32', '1'),
(1622, '33', '33', '1'),
(1623, '33', '34', '1'),
(1624, '33', '35', '1'),
(1625, '33', '36', '1'),
(1626, '33', '37', '1'),
(1627, '33', '38', '1'),
(1628, '33', '39', '1'),
(1629, '33', '40', '1'),
(1630, '33', '41', '1'),
(1631, '33', '42', '1'),
(1632, '33', '43', '1'),
(1633, '33', '44', '1'),
(1634, '33', '45', '1'),
(1635, '33', '46', '1'),
(1636, '33', '47', '1'),
(1637, '33', '48', '1'),
(1638, '33', '49', '1'),
(1639, '33', '50', '1'),
(1640, '33', '51', '1'),
(1641, '33', '52', '1'),
(1642, '34', '1', '1'),
(1643, '34', '2', '1'),
(1644, '34', '3', '1'),
(1645, '34', '4', '1'),
(1646, '34', '5', '1'),
(1647, '34', '6', '1'),
(1648, '34', '7', '1'),
(1649, '34', '8', '1'),
(1650, '34', '9', '1'),
(1651, '34', '10', '1'),
(1652, '34', '11', '1'),
(1653, '34', '12', '1'),
(1654, '34', '13', '1'),
(1655, '34', '14', '1'),
(1656, '34', '15', '1'),
(1657, '34', '16', '1'),
(1658, '34', '17', '1'),
(1659, '34', '18', '1'),
(1660, '34', '19', '1'),
(1661, '34', '20', '1'),
(1662, '34', '21', '1'),
(1663, '34', '22', '1'),
(1664, '34', '23', '1'),
(1665, '34', '24', '1'),
(1666, '34', '25', '1'),
(1667, '34', '26', '1'),
(1668, '34', '27', '1'),
(1669, '34', '28', '1'),
(1670, '34', '29', '1'),
(1671, '34', '30', '1'),
(1672, '34', '31', '1'),
(1673, '34', '32', '1'),
(1674, '34', '33', '1'),
(1675, '34', '34', '1'),
(1676, '34', '35', '1'),
(1677, '34', '36', '1'),
(1678, '34', '37', '1'),
(1679, '34', '38', '1'),
(1680, '34', '39', '1'),
(1681, '34', '40', '1'),
(1682, '34', '41', '1'),
(1683, '34', '42', '1'),
(1684, '34', '43', '1'),
(1685, '34', '44', '1'),
(1686, '34', '45', '1'),
(1687, '34', '46', '1'),
(1688, '34', '47', '1'),
(1689, '34', '48', '1'),
(1690, '34', '49', '1'),
(1691, '34', '50', '1'),
(1692, '34', '51', '1'),
(1693, '34', '52', '1'),
(1694, '34', '53', '1'),
(1695, '34', '54', '1'),
(1696, '34', '55', '1'),
(1697, '35', '1', '1'),
(1698, '35', '2', '1'),
(1699, '35', '3', '1'),
(1700, '35', '4', '1'),
(1701, '35', '5', '1'),
(1702, '35', '6', '1'),
(1703, '35', '7', '1'),
(1704, '35', '8', '1'),
(1705, '35', '9', '1'),
(1706, '35', '10', '1'),
(1707, '35', '11', '1'),
(1708, '35', '12', '1'),
(1709, '35', '13', '1'),
(1710, '35', '14', '1'),
(1711, '35', '15', '1'),
(1712, '35', '16', '1'),
(1713, '35', '17', '1'),
(1714, '35', '18', '1'),
(1715, '35', '19', '1'),
(1716, '35', '20', '1'),
(1717, '35', '21', '1'),
(1718, '35', '22', '1'),
(1719, '35', '23', '1'),
(1720, '35', '24', '1'),
(1721, '35', '25', '1'),
(1722, '35', '26', '1'),
(1723, '35', '27', '1'),
(1724, '35', '28', '1'),
(1725, '35', '29', '1'),
(1726, '35', '30', '1'),
(1727, '35', '31', '1'),
(1728, '35', '32', '1'),
(1729, '35', '33', '1'),
(1730, '35', '34', '1'),
(1731, '35', '35', '1'),
(1732, '35', '36', '1'),
(1733, '35', '37', '1'),
(1734, '35', '38', '1'),
(1735, '35', '39', '1'),
(1736, '35', '40', '1'),
(1737, '35', '41', '1'),
(1738, '35', '42', '1'),
(1739, '35', '43', '1'),
(1740, '35', '44', '1'),
(1741, '35', '45', '1'),
(1742, '35', '46', '1'),
(1743, '35', '47', '1'),
(1744, '35', '48', '1'),
(1745, '35', '49', '1'),
(1746, '35', '50', '1'),
(1747, '35', '51', '1'),
(1748, '35', '52', '1'),
(1752, '36', '1', '1'),
(1753, '36', '2', '1'),
(1754, '36', '3', '1'),
(1755, '36', '4', '1'),
(1756, '36', '5', '1'),
(1757, '36', '6', '1'),
(1758, '36', '7', '1'),
(1759, '36', '8', '1'),
(1760, '36', '9', '1'),
(1761, '36', '10', '1'),
(1762, '36', '11', '1'),
(1763, '36', '12', '1'),
(1764, '36', '13', '1'),
(1765, '36', '14', '1'),
(1766, '36', '15', '1'),
(1767, '36', '16', '1'),
(1768, '36', '17', '1'),
(1769, '36', '18', '1'),
(1770, '36', '19', '1'),
(1771, '36', '20', '1'),
(1772, '36', '21', '1'),
(1773, '36', '22', '1'),
(1774, '36', '23', '1'),
(1775, '36', '24', '1'),
(1776, '36', '25', '1'),
(1777, '36', '26', '1'),
(1778, '36', '27', '1'),
(1779, '36', '28', '1'),
(1780, '36', '29', '1'),
(1781, '36', '30', '1'),
(1782, '36', '31', '1'),
(1783, '36', '32', '1'),
(1784, '36', '33', '1'),
(1785, '36', '34', '1'),
(1786, '36', '35', '1'),
(1787, '36', '36', '1'),
(1788, '36', '37', '1'),
(1789, '36', '38', '1'),
(1790, '36', '39', '1'),
(1791, '36', '40', '1'),
(1792, '36', '41', '1'),
(1793, '36', '42', '1'),
(1794, '36', '43', '1'),
(1795, '36', '44', '1'),
(1796, '36', '45', '1'),
(1797, '36', '46', '1'),
(1798, '36', '47', '1'),
(1799, '36', '48', '1'),
(1800, '36', '49', '1'),
(1801, '36', '50', '1'),
(1802, '36', '51', '1'),
(1803, '36', '52', '1'),
(1804, '36', '53', '1'),
(1805, '37', '1', '1'),
(1806, '37', '2', '1'),
(1807, '37', '3', '1'),
(1808, '37', '4', '1'),
(1809, '37', '5', '1'),
(1810, '37', '6', '1'),
(1811, '37', '7', '1'),
(1812, '37', '8', '1'),
(1813, '37', '9', '1'),
(1814, '37', '10', '1'),
(1815, '37', '11', '1'),
(1816, '37', '12', '1'),
(1817, '37', '13', '1'),
(1818, '37', '14', '1'),
(1819, '37', '15', '1'),
(1820, '37', '16', '1'),
(1821, '37', '17', '1'),
(1822, '37', '18', '1'),
(1823, '37', '19', '1'),
(1824, '37', '20', '1'),
(1825, '37', '21', '1'),
(1826, '37', '22', '1'),
(1827, '37', '23', '1'),
(1828, '37', '24', '1'),
(1829, '37', '25', '1'),
(1830, '37', '26', '1'),
(1831, '37', '27', '1'),
(1832, '37', '28', '1'),
(1833, '37', '29', '1'),
(1834, '37', '30', '1'),
(1835, '37', '31', '1'),
(1836, '37', '32', '1'),
(1837, '37', '33', '1'),
(1838, '37', '34', '1'),
(1839, '37', '35', '1'),
(1840, '37', '36', '1'),
(1841, '37', '37', '1'),
(1842, '37', '38', '1'),
(1843, '37', '39', '1'),
(1844, '37', '40', '1'),
(1845, '37', '41', '1'),
(1846, '37', '42', '1'),
(1847, '37', '43', '1'),
(1848, '37', '44', '1'),
(1849, '37', '45', '1'),
(1850, '37', '46', '1'),
(1851, '37', '47', '1'),
(1852, '37', '48', '1'),
(1853, '37', '49', '1'),
(1854, '37', '50', '1'),
(1855, '37', '51', '1'),
(1856, '37', '52', '1'),
(1857, '37', '53', '1'),
(1858, '38', '1', '1'),
(1859, '38', '2', '1'),
(1860, '38', '3', '1'),
(1861, '38', '4', '1'),
(1862, '38', '5', '1'),
(1863, '38', '6', '1'),
(1864, '38', '7', '1'),
(1865, '38', '8', '1'),
(1866, '38', '9', '1'),
(1867, '38', '10', '1'),
(1868, '38', '11', '1'),
(1869, '38', '12', '1'),
(1870, '38', '13', '1'),
(1871, '38', '14', '1'),
(1872, '38', '15', '1'),
(1873, '38', '16', '1'),
(1874, '38', '17', '1'),
(1875, '38', '18', '1'),
(1876, '38', '19', '1'),
(1877, '38', '20', '1'),
(1878, '38', '21', '1'),
(1879, '38', '22', '1'),
(1880, '38', '23', '1'),
(1881, '38', '24', '1'),
(1882, '38', '25', '1'),
(1883, '38', '26', '1'),
(1884, '38', '27', '1'),
(1885, '38', '28', '1'),
(1886, '38', '29', '1'),
(1887, '38', '30', '1'),
(1888, '38', '31', '1'),
(1889, '38', '32', '1'),
(1890, '38', '33', '1'),
(1891, '38', '34', '1'),
(1892, '38', '35', '1'),
(1893, '38', '36', '1'),
(1894, '38', '37', '1'),
(1895, '38', '38', '1'),
(1896, '38', '39', '1'),
(1897, '38', '40', '1'),
(1898, '38', '41', '1'),
(1899, '38', '42', '1'),
(1900, '38', '43', '1'),
(1901, '38', '44', '1'),
(1902, '38', '45', '1'),
(1903, '38', '46', '1'),
(1904, '38', '47', '1'),
(1905, '38', '48', '1'),
(1906, '38', '49', '1'),
(1907, '38', '50', '1'),
(1908, '38', '51', '1'),
(1909, '38', '52', '1'),
(1910, '38', '53', '1'),
(1911, '39', '1', '1'),
(1912, '39', '2', '1'),
(1913, '39', '3', '1'),
(1914, '39', '4', '1'),
(1915, '39', '5', '1'),
(1916, '39', '6', '1'),
(1917, '39', '7', '1'),
(1918, '39', '8', '1'),
(1919, '39', '9', '1'),
(1920, '39', '10', '1'),
(1921, '39', '11', '1'),
(1922, '39', '12', '1'),
(1923, '39', '13', '1'),
(1924, '39', '14', '1'),
(1925, '39', '15', '1'),
(1926, '39', '16', '1'),
(1927, '39', '17', '1'),
(1928, '39', '18', '1'),
(1929, '39', '19', '1'),
(1930, '39', '20', '1'),
(1931, '39', '21', '1'),
(1932, '39', '22', '1'),
(1933, '39', '23', '1'),
(1934, '39', '24', '1'),
(1935, '39', '25', '1'),
(1936, '39', '26', '1'),
(1937, '39', '27', '1'),
(1938, '39', '28', '1'),
(1939, '39', '29', '1'),
(1940, '39', '30', '1'),
(1941, '39', '31', '1'),
(1942, '39', '32', '1'),
(1943, '39', '33', '1'),
(1944, '39', '34', '1'),
(1945, '39', '35', '1'),
(1946, '39', '36', '1'),
(1947, '39', '37', '1'),
(1948, '39', '38', '1'),
(1949, '39', '39', '1'),
(1950, '39', '40', '1'),
(1951, '39', '41', '1'),
(1952, '39', '42', '1'),
(1953, '39', '43', '1'),
(1954, '39', '44', '1'),
(1955, '39', '45', '1'),
(1956, '39', '46', '1'),
(1957, '39', '47', '1'),
(1958, '39', '48', '1'),
(1959, '39', '49', '1'),
(1960, '39', '50', '1'),
(1961, '39', '51', '1'),
(1962, '39', '52', '1'),
(1963, '39', '53', '1'),
(1964, '40', '1', '1'),
(1965, '40', '2', '1'),
(1966, '40', '3', '1'),
(1967, '40', '4', '1'),
(1968, '40', '5', '1'),
(1969, '40', '6', '1'),
(1970, '40', '7', '1'),
(1971, '40', '8', '1'),
(1972, '40', '9', '1'),
(1973, '40', '10', '1'),
(1974, '40', '11', '1'),
(1975, '40', '12', '1'),
(1976, '40', '13', '1'),
(1977, '40', '14', '1'),
(1978, '40', '15', '1'),
(1979, '40', '16', '1'),
(1980, '40', '17', '1'),
(1981, '40', '18', '1'),
(1982, '40', '19', '1'),
(1983, '40', '20', '1'),
(1984, '40', '21', '1'),
(1985, '40', '22', '1'),
(1986, '40', '23', '1'),
(1987, '40', '24', '1'),
(1988, '40', '25', '1'),
(1989, '40', '26', '1'),
(1990, '40', '27', '1'),
(1991, '40', '28', '1'),
(1992, '40', '29', '1'),
(1993, '40', '30', '1'),
(1994, '40', '31', '1'),
(1995, '40', '32', '1'),
(1996, '40', '33', '1'),
(1997, '40', '34', '1'),
(1998, '40', '35', '1'),
(1999, '40', '36', '1'),
(2000, '40', '37', '1'),
(2001, '40', '38', '1'),
(2002, '40', '39', '1'),
(2003, '40', '40', '1'),
(2004, '40', '41', '1'),
(2005, '40', '42', '1'),
(2006, '40', '43', '1'),
(2007, '40', '44', '1'),
(2008, '40', '45', '1'),
(2009, '40', '46', '1'),
(2010, '40', '47', '1'),
(2011, '40', '48', '1'),
(2012, '40', '49', '1'),
(2013, '40', '50', '1'),
(2014, '40', '51', '1'),
(2015, '40', '52', '1'),
(2016, '40', '53', '1'),
(2017, '41', '1', '1'),
(2018, '41', '2', '1'),
(2019, '41', '3', '1'),
(2020, '41', '4', '1'),
(2021, '41', '5', '1'),
(2022, '41', '6', '1'),
(2023, '41', '7', '1'),
(2024, '41', '8', '1'),
(2025, '41', '9', '1'),
(2026, '41', '10', '1'),
(2027, '41', '11', '1'),
(2028, '41', '12', '1'),
(2029, '41', '13', '1'),
(2030, '41', '14', '1'),
(2031, '41', '15', '1'),
(2032, '41', '16', '1'),
(2033, '41', '17', '1'),
(2034, '41', '18', '1'),
(2035, '41', '19', '1'),
(2036, '41', '20', '1'),
(2037, '41', '21', '1'),
(2038, '41', '22', '1'),
(2039, '41', '23', '1'),
(2040, '41', '24', '1'),
(2041, '41', '25', '1'),
(2042, '41', '26', '1'),
(2043, '41', '27', '1'),
(2044, '41', '28', '1'),
(2045, '41', '29', '1'),
(2046, '41', '30', '1'),
(2047, '41', '31', '1'),
(2048, '41', '32', '1'),
(2049, '41', '33', '1'),
(2050, '41', '34', '1'),
(2051, '41', '35', '1'),
(2052, '41', '36', '1'),
(2053, '41', '37', '1'),
(2054, '41', '38', '1'),
(2055, '41', '39', '1'),
(2056, '41', '40', '1'),
(2057, '41', '41', '1'),
(2058, '41', '42', '1'),
(2059, '41', '43', '1'),
(2060, '41', '44', '1'),
(2061, '41', '45', '1'),
(2062, '41', '46', '1'),
(2063, '41', '47', '1'),
(2064, '41', '48', '1'),
(2065, '41', '49', '1'),
(2066, '41', '50', '1'),
(2067, '41', '51', '1'),
(2068, '41', '52', '1'),
(2069, '41', '53', '1'),
(2070, '42', '1', '1'),
(2071, '42', '2', '1'),
(2072, '42', '3', '1'),
(2073, '42', '4', '1'),
(2074, '42', '5', '1'),
(2075, '42', '6', '1'),
(2076, '42', '7', '1'),
(2077, '42', '8', '1'),
(2078, '42', '9', '1'),
(2079, '42', '10', '1'),
(2080, '43', '1', '1'),
(2081, '43', '2', '1'),
(2082, '43', '3', '1'),
(2083, '43', '4', '1'),
(2084, '43', '5', '1'),
(2085, '43', '6', '1'),
(2086, '43', '7', '1'),
(2087, '43', '8', '1'),
(2088, '43', '9', '1'),
(2089, '43', '10', '1'),
(2090, '44', '1', '1'),
(2091, '44', '2', '1'),
(2092, '44', '3', '1'),
(2093, '44', '4', '1'),
(2094, '44', '5', '1'),
(2095, '44', '6', '1'),
(2096, '44', '7', '1'),
(2097, '44', '8', '1'),
(2098, '44', '9', '1'),
(2099, '44', '10', '1'),
(2100, '44', '11', '1'),
(2101, '44', '12', '1'),
(2102, '44', '13', '1'),
(2103, '44', '14', '1'),
(2104, '45', '1', '1'),
(2105, '45', '2', '1'),
(2106, '45', '3', '1'),
(2107, '45', '4', '1'),
(2108, '45', '5', '1'),
(2109, '45', '6', '1'),
(2110, '45', '7', '1'),
(2111, '45', '8', '1'),
(2112, '45', '9', '1'),
(2113, '45', '10', '1'),
(2114, '45', '11', '1'),
(2115, '45', '12', '1'),
(2116, '45', '13', '1'),
(2117, '45', '14', '1'),
(2118, '46', '1', '1'),
(2119, '46', '2', '1'),
(2120, '46', '3', '1'),
(2121, '46', '4', '1'),
(2122, '46', '5', '1'),
(2123, '46', '6', '1'),
(2124, '46', '7', '1'),
(2125, '46', '8', '1'),
(2126, '46', '9', '1'),
(2127, '46', '10', '1'),
(2128, '46', '11', '1'),
(2129, '46', '12', '1'),
(2130, '46', '13', '1'),
(2131, '46', '14', '1'),
(2132, '47', '1', '1'),
(2133, '47', '2', '1'),
(2134, '47', '3', '1'),
(2135, '47', '4', '1'),
(2136, '47', '5', '1'),
(2137, '47', '6', '1'),
(2138, '47', '7', '1'),
(2139, '47', '8', '1'),
(2140, '47', '9', '1'),
(2141, '47', '10', '1'),
(2142, '47', '11', '1'),
(2143, '47', '12', '1'),
(2144, '47', '13', '1'),
(2145, '47', '14', '1'),
(2156, '48', '1', '1'),
(2157, '48', '2', '1'),
(2158, '49', '1', '1'),
(2159, '49', '2', '1'),
(2160, '50', '1', '1'),
(2161, '50', '2', '1'),
(2164, '53', '1', '1'),
(2165, '53', '2', '1'),
(2166, '54', '1', '1'),
(2167, '54', '2', '1'),
(2168, '55', '1', '1'),
(2169, '55', '2', '1'),
(2170, '56', '1', '1'),
(2171, '56', '2', '1'),
(2172, '56', '3', '1'),
(2173, '57', '1', '1'),
(2174, '57', '2', '1'),
(2175, '57', '3', '1'),
(2176, '58', '1', '1'),
(2177, '58', '2', '1'),
(2178, '58', '3', '1'),
(2182, '60', '1', '1'),
(2183, '60', '2', '1'),
(2184, '60', '3', '1'),
(2185, '61', '1', '1'),
(2186, '61', '2', '1'),
(2187, '61', '3', '1'),
(2188, '62', '1', '1'),
(2189, '62', '2', '1'),
(2190, '62', '3', '1'),
(2191, '63', '1', '1'),
(2192, '63', '2', '1'),
(2193, '63', '3', '1'),
(2194, '64', '1', '1'),
(2195, '64', '2', '1'),
(2196, '64', '3', '1'),
(2197, '64', '4', '1'),
(2198, '64', '5', '1'),
(2199, '64', '6', '1'),
(2200, '64', '7', '1'),
(2201, '64', '8', '1'),
(2202, '64', '9', '1'),
(2203, '64', '10', '1'),
(2204, '64', '11', '1'),
(2205, '64', '12', '1'),
(2206, '64', '13', '1'),
(2207, '64', '14', '1'),
(2208, '64', '15', '1'),
(2209, '64', '16', '1'),
(2210, '64', '17', '1'),
(2211, '64', '18', '1'),
(2212, '64', '19', '1'),
(2213, '64', '20', '1'),
(2214, '64', '21', '1'),
(2215, '64', '22', '1'),
(2216, '64', '23', '1'),
(2217, '64', '24', '1'),
(2218, '64', '25', '1'),
(2219, '64', '26', '1'),
(2220, '64', '27', '1'),
(2221, '64', '28', '1'),
(2222, '64', '29', '1'),
(2223, '64', '30', '1'),
(2224, '64', '31', '1'),
(2225, '64', '32', '1'),
(2226, '64', '33', '1'),
(2227, '64', '34', '1'),
(2228, '64', '35', '1'),
(2229, '64', '36', '1'),
(2230, '64', '37', '1'),
(2231, '64', '38', '1'),
(2232, '64', '39', '1'),
(2233, '64', '40', '1'),
(2234, '64', '41', '1'),
(2235, '64', '42', '1'),
(2236, '64', '43', '1'),
(2237, '64', '44', '1'),
(2238, '64', '45', '1'),
(2239, '64', '46', '1'),
(2240, '64', '47', '1'),
(2241, '64', '48', '1'),
(2242, '64', '49', '1'),
(2243, '65', '1', '1'),
(2244, '65', '2', '1'),
(2245, '65', '3', '1'),
(2246, '65', '4', '1'),
(2247, '65', '5', '1'),
(2248, '65', '6', '1'),
(2249, '65', '7', '1'),
(2250, '65', '8', '1'),
(2251, '65', '9', '1'),
(2252, '65', '10', '1'),
(2253, '65', '11', '1'),
(2254, '65', '12', '1'),
(2255, '65', '13', '1'),
(2256, '65', '14', '1'),
(2257, '65', '15', '1'),
(2258, '65', '16', '1'),
(2259, '65', '17', '1'),
(2260, '65', '18', '1'),
(2261, '65', '19', '1'),
(2262, '65', '20', '1'),
(2263, '65', '21', '1'),
(2264, '65', '22', '1'),
(2265, '65', '23', '1'),
(2266, '65', '24', '1'),
(2267, '65', '25', '1'),
(2268, '65', '26', '1'),
(2269, '65', '27', '1'),
(2270, '65', '28', '1'),
(2271, '65', '29', '1'),
(2272, '65', '30', '1'),
(2273, '65', '31', '1'),
(2274, '65', '32', '1'),
(2275, '65', '33', '1'),
(2276, '65', '34', '1'),
(2277, '65', '35', '1'),
(2278, '65', '36', '1'),
(2279, '65', '37', '1'),
(2280, '65', '38', '1'),
(2281, '65', '39', '1'),
(2282, '65', '40', '1'),
(2283, '65', '41', '1'),
(2284, '65', '42', '1'),
(2285, '65', '43', '1'),
(2286, '65', '44', '1'),
(2287, '65', '45', '1'),
(2288, '65', '46', '1'),
(2289, '65', '47', '1'),
(2290, '65', '48', '1'),
(2291, '65', '49', '1'),
(2292, '65', '50', '1'),
(2293, '65', '51', '1'),
(2294, '65', '52', '1'),
(2295, '65', '53', '1'),
(2296, '65', '54', '1'),
(2297, '65', '55', '1'),
(2298, '65', '56', '1'),
(2299, '65', '57', '1'),
(2300, '65', '58', '1'),
(2301, '65', '59', '1'),
(2302, '66', '1', '1'),
(2303, '66', '2', '1'),
(2304, '66', '3', '1'),
(2305, '66', '4', '1'),
(2306, '66', '5', '1'),
(2307, '66', '6', '1'),
(2308, '66', '7', '1'),
(2309, '66', '8', '1'),
(2310, '66', '9', '1'),
(2311, '66', '10', '1'),
(2312, '66', '11', '1'),
(2313, '66', '12', '1'),
(2314, '66', '13', '1'),
(2315, '66', '14', '1'),
(2316, '66', '15', '1'),
(2317, '66', '16', '1'),
(2318, '66', '17', '1'),
(2319, '66', '18', '1'),
(2320, '66', '19', '1'),
(2321, '66', '20', '1'),
(2322, '66', '21', '1'),
(2323, '66', '22', '1'),
(2324, '66', '23', '1'),
(2325, '66', '24', '1'),
(2326, '66', '25', '1'),
(2327, '66', '26', '1'),
(2328, '66', '27', '1'),
(2329, '66', '28', '1'),
(2330, '66', '29', '1'),
(2331, '66', '30', '1'),
(2332, '66', '31', '1'),
(2333, '66', '32', '1'),
(2334, '66', '33', '1'),
(2335, '66', '34', '1'),
(2336, '66', '35', '1'),
(2337, '66', '36', '1'),
(2338, '66', '37', '1'),
(2339, '66', '38', '1'),
(2340, '66', '39', '1'),
(2341, '66', '40', '1'),
(2342, '66', '41', '1'),
(2343, '66', '42', '1'),
(2344, '66', '43', '1'),
(2345, '66', '44', '1'),
(2346, '66', '45', '1'),
(2347, '66', '46', '1'),
(2348, '66', '47', '1'),
(2349, '66', '48', '1'),
(2350, '69', '1', '1'),
(2351, '69', '2', '1'),
(2352, '69', '3', '1'),
(2353, '69', '4', '1'),
(2354, '69', '5', '1'),
(2355, '69', '6', '1'),
(2356, '69', '7', '1'),
(2357, '69', '8', '1'),
(2358, '69', '9', '1'),
(2359, '69', '10', '1'),
(2360, '69', '11', '1'),
(2361, '69', '12', '1'),
(2362, '69', '13', '1'),
(2363, '69', '14', '1'),
(2364, '69', '15', '1'),
(2365, '69', '16', '1'),
(2366, '69', '17', '1'),
(2367, '69', '18', '1'),
(2368, '69', '19', '1'),
(2369, '69', '20', '1'),
(2370, '69', '21', '1'),
(2371, '69', '22', '1'),
(2372, '69', '23', '1'),
(2373, '69', '24', '1'),
(2374, '69', '25', '1'),
(2375, '69', '26', '1'),
(2376, '69', '27', '1'),
(2377, '69', '28', '1'),
(2378, '69', '29', '1'),
(2379, '69', '30', '1'),
(2380, '69', '31', '1'),
(2381, '69', '32', '1'),
(2382, '69', '33', '1'),
(2383, '69', '34', '1'),
(2384, '69', '35', '1'),
(2385, '69', '36', '1'),
(2386, '69', '37', '1'),
(2387, '69', '38', '1'),
(2388, '69', '39', '1'),
(2389, '69', '40', '1'),
(2390, '69', '41', '1'),
(2391, '69', '42', '1'),
(2392, '69', '43', '1'),
(2393, '69', '44', '1'),
(2394, '69', '45', '1'),
(2395, '69', '46', '1'),
(2396, '69', '47', '1'),
(2397, '69', '48', '1'),
(2398, '69', '49', '1'),
(2399, '69', '50', '1'),
(2400, '69', '51', '1'),
(2401, '69', '52', '1'),
(2402, '69', '53', '1'),
(2403, '69', '54', '1'),
(2404, '69', '55', '1'),
(2405, '69', '56', '1'),
(2406, '69', '57', '1'),
(2407, '69', '58', '1'),
(2408, '69', '59', '1'),
(2409, '69', '60', '1'),
(2410, '69', '61', '1'),
(2411, '69', '62', '1'),
(2412, '69', '63', '1'),
(2413, '69', '64', '1'),
(2414, '69', '65', '1'),
(2415, '70', '1', '1'),
(2416, '70', '2', '1'),
(2417, '71', '1', '1'),
(2418, '71', '2', '1'),
(2419, '71', '3', '1'),
(2420, '71', '4', '1'),
(2421, '71', '5', '1'),
(2422, '71', '6', '1'),
(2423, '71', '7', '1'),
(2424, '71', '8', '1'),
(2425, '71', '9', '1'),
(2426, '71', '10', '1'),
(2427, '71', '11', '1'),
(2428, '71', '12', '1'),
(2429, '71', '13', '1'),
(2430, '72', '1', '1'),
(2431, '72', '2', '1'),
(2432, '72', '3', '1'),
(2433, '72', '4', '1'),
(2434, '72', '5', '1'),
(2435, '72', '6', '1'),
(2436, '72', '7', '1'),
(2437, '72', '8', '1'),
(2438, '72', '9', '1'),
(2439, '72', '10', '1'),
(2440, '72', '11', '1'),
(2441, '72', '12', '1'),
(2442, '72', '13', '1'),
(2443, '14', '67', '1'),
(2444, '14', '68', '1'),
(2445, '73', '1', '1'),
(2446, '73', '2', '1'),
(2447, '73', '3', '1'),
(2448, '73', '4', '1'),
(2449, '74', '1', '1'),
(2450, '74', '2', '1'),
(2451, '74', '3', '1'),
(2452, '74', '4', '1'),
(2453, '74', '5', '1'),
(2454, '75', '1', '1'),
(2455, '75', '2', '1'),
(2456, '76', '1', '1'),
(2457, '76', '2', '1'),
(2458, '77', '1', '1'),
(2459, '77', '2', '1'),
(2460, '77', '3', '1');
INSERT INTO `tb_detail_buku` (`id_detail_buku`, `id_buku`, `no_buku`, `status`) VALUES
(2461, '78', '1', '1'),
(2462, '78', '2', '1'),
(2463, '78', '3', '1'),
(2464, '78', '4', '1'),
(2465, '78', '5', '1'),
(2466, '78', '6', '1'),
(2467, '78', '7', '1'),
(2468, '78', '8', '1'),
(2469, '78', '9', '1'),
(2470, '78', '10', '1'),
(2471, '78', '11', '1'),
(2472, '78', '12', '1'),
(2473, '78', '13', '1'),
(2474, '78', '14', '1'),
(2475, '78', '15', '1'),
(2476, '78', '16', '1'),
(2477, '78', '17', '1'),
(2478, '79', '1', '1'),
(2479, '79', '2', '1'),
(2480, '79', '3', '1'),
(2481, '79', '4', '1'),
(2482, '79', '5', '1'),
(2483, '79', '6', '1'),
(2484, '79', '7', '1'),
(2485, '79', '8', '1'),
(2486, '79', '9', '1'),
(2487, '79', '10', '1'),
(2488, '79', '11', '1'),
(2489, '79', '12', '1'),
(2490, '79', '13', '1'),
(2491, '79', '14', '1'),
(2492, '80', '1', '1'),
(2493, '80', '2', '1'),
(2494, '80', '3', '1'),
(2495, '80', '4', '1'),
(2496, '80', '5', '1'),
(2497, '80', '6', '1'),
(2498, '80', '7', '1'),
(2499, '80', '8', '1'),
(2500, '80', '9', '1'),
(2501, '80', '10', '1'),
(2502, '81', '1', '1'),
(2503, '81', '2', '1'),
(2504, '81', '3', '1'),
(2505, '81', '4', '1'),
(2506, '81', '5', '1'),
(2507, '81', '6', '1'),
(2508, '81', '7', '1'),
(2509, '21', '53', '1'),
(2510, '21', '54', '1'),
(2511, '82', '1', '1'),
(2512, '82', '2', '1'),
(2513, '82', '3', '1'),
(2514, '82', '4', '1'),
(2515, '83', '1', '1'),
(2516, '83', '2', '1'),
(2517, '83', '3', '1'),
(2518, '83', '4', '1'),
(2519, '83', '5', '1'),
(2520, '83', '6', '1'),
(2521, '83', '7', '1'),
(2522, '83', '8', '1'),
(2523, '83', '9', '1'),
(2524, '83', '10', '1'),
(2525, '83', '11', '1'),
(2526, '83', '12', '1'),
(2527, '83', '13', '1'),
(2528, '83', '14', '1'),
(2529, '83', '15', '1'),
(2530, '84', '1', '1'),
(2531, '84', '2', '1'),
(2532, '84', '3', '1'),
(2533, '84', '4', '1'),
(2534, '84', '5', '1'),
(2535, '84', '6', '1'),
(2536, '84', '7', '1'),
(2537, '84', '8', '1'),
(2538, '84', '9', '1'),
(2539, '84', '10', '1'),
(2540, '84', '11', '1'),
(2541, '84', '12', '1'),
(2542, '84', '13', '1'),
(2543, '84', '14', '1'),
(2544, '86', '1', '1'),
(2545, '86', '2', '1'),
(2546, '86', '3', '1'),
(2547, '86', '4', '1'),
(2548, '86', '5', '1'),
(2549, '86', '6', '1'),
(2550, '86', '7', '1'),
(2551, '86', '8', '1'),
(2552, '86', '9', '1'),
(2553, '86', '10', '1'),
(2554, '86', '11', '1'),
(2555, '86', '12', '1'),
(2556, '86', '13', '1'),
(2557, '86', '14', '1'),
(2558, '86', '15', '1'),
(2559, '86', '16', '1'),
(2560, '86', '17', '1'),
(2561, '87', '1', '1'),
(2562, '87', '2', '1'),
(2563, '87', '3', '1'),
(2564, '87', '4', '1'),
(2565, '87', '5', '1'),
(2566, '87', '6', '1'),
(2567, '87', '7', '1'),
(2568, '87', '8', '1'),
(2569, '87', '9', '1'),
(2570, '87', '10', '1'),
(2571, '87', '11', '1'),
(2572, '87', '12', '1'),
(2573, '87', '13', '1'),
(2574, '87', '14', '1'),
(2575, '87', '15', '1'),
(2576, '87', '16', '1'),
(2577, '87', '17', '1'),
(2578, '58', '1', '1'),
(2579, '58', '2', '1'),
(2580, '58', '3', '1'),
(2581, '58', '4', '1'),
(2582, '58', '5', '1'),
(2583, '58', '6', '1'),
(2584, '58', '7', '1'),
(2585, '58', '8', '1'),
(2586, '58', '9', '1'),
(2587, '58', '10', '1'),
(2588, '58', '11', '1'),
(2589, '58', '12', '1'),
(2590, '58', '13', '1'),
(2591, '58', '14', '1'),
(2592, '58', '15', '1'),
(2593, '58', '16', '1'),
(2594, '58', '17', '1'),
(2595, '59', '1', '1'),
(2596, '59', '2', '1'),
(2597, '59', '3', '1'),
(2598, '59', '4', '1'),
(2599, '59', '5', '1'),
(2600, '59', '6', '1'),
(2601, '59', '7', '1'),
(2602, '59', '8', '1'),
(2603, '59', '9', '1'),
(2604, '59', '10', '1'),
(2605, '59', '11', '1'),
(2606, '59', '12', '1'),
(2607, '59', '13', '1'),
(2608, '59', '14', '1'),
(2609, '59', '15', '1'),
(2610, '59', '16', '1'),
(2611, '59', '17', '1'),
(2612, '5', '56', '1'),
(2613, '5', '57', '1'),
(2614, '5', '58', '1'),
(2615, '5', '59', '1'),
(2616, '5', '60', '1'),
(2617, '5', '61', '1'),
(2618, '5', '62', '1'),
(2619, '5', '63', '1'),
(2620, '5', '64', '1'),
(2621, '5', '65', '1'),
(2622, '51', '1', '1'),
(2623, '51', '2', '1'),
(2624, '51', '3', '1'),
(2625, '51', '4', '1'),
(2626, '51', '5', '1'),
(2627, '51', '6', '1'),
(2628, '51', '7', '1'),
(2629, '51', '8', '1'),
(2630, '51', '9', '1'),
(2631, '51', '10', '1'),
(2632, '51', '11', '1'),
(2633, '7', '56', '1'),
(2634, '7', '57', '1'),
(2635, '7', '58', '1'),
(2636, '7', '59', '1'),
(2637, '7', '60', '1'),
(2638, '7', '61', '1'),
(2639, '7', '62', '1'),
(2640, '7', '63', '1'),
(2641, '7', '64', '1'),
(2642, '7', '65', '1'),
(2643, '6', '56', '1'),
(2644, '6', '57', '1'),
(2645, '6', '58', '1'),
(2646, '6', '59', '1'),
(2647, '6', '60', '1'),
(2648, '6', '61', '1'),
(2649, '6', '62', '1'),
(2650, '6', '63', '1'),
(2651, '6', '64', '1'),
(2652, '6', '65', '1'),
(2653, '6', '66', '1'),
(2654, '88', '1', '1'),
(2655, '88', '2', '1'),
(2656, '88', '3', '1'),
(2657, '88', '4', '1'),
(2658, '88', '5', '1'),
(2659, '88', '6', '1'),
(2660, '88', '7', '1'),
(2661, '88', '8', '1'),
(2662, '88', '9', '1'),
(2663, '88', '10', '1'),
(2664, '88', '11', '1'),
(2665, '88', '12', '1'),
(2666, '88', '13', '1'),
(2667, '88', '14', '1'),
(2668, '88', '15', '1'),
(2669, '88', '16', '1'),
(2670, '88', '17', '1'),
(2671, '88', '18', '1'),
(2672, '89', '1', '1'),
(2673, '89', '2', '1'),
(2674, '89', '3', '1'),
(2675, '89', '4', '1'),
(2676, '89', '5', '1'),
(2677, '89', '6', '1'),
(2678, '90', '1', '1'),
(2679, '90', '2', '1'),
(2680, '90', '3', '1'),
(2681, '90', '4', '1'),
(2682, '90', '5', '1'),
(2683, '90', '6', '1'),
(2684, '90', '7', '1'),
(2685, '90', '8', '1'),
(2686, '90', '9', '1'),
(2687, '90', '10', '1'),
(2688, '90', '11', '1'),
(2689, '91', '1', '1'),
(2690, '91', '2', '1'),
(2691, '91', '3', '1'),
(2692, '91', '4', '1'),
(2693, '91', '5', '1'),
(2694, '91', '6', '1'),
(2695, '91', '7', '1'),
(2696, '91', '8', '1'),
(2697, '91', '9', '1'),
(2698, '91', '10', '1'),
(2699, '91', '11', '1'),
(2700, '92', '1', '1'),
(2701, '92', '2', '1'),
(2702, '92', '3', '1'),
(2703, '92', '4', '1'),
(2704, '92', '5', '1'),
(2705, '92', '6', '1'),
(2706, '92', '7', '1'),
(2707, '92', '8', '1'),
(2708, '92', '9', '1'),
(2709, '92', '10', '1'),
(2710, '92', '11', '1'),
(2711, '92', '12', '1'),
(2712, '93', '1', '1'),
(2713, '93', '2', '1'),
(2714, '93', '3', '1'),
(2715, '93', '4', '1'),
(2716, '93', '5', '1'),
(2717, '93', '6', '1'),
(2718, '93', '7', '1'),
(2719, '93', '8', '1'),
(2720, '93', '9', '1'),
(2721, '93', '10', '1'),
(2722, '93', '11', '1'),
(2723, '94', '1', '1'),
(2724, '94', '2', '1'),
(2725, '94', '3', '1'),
(2726, '94', '4', '1'),
(2727, '94', '5', '1'),
(2728, '94', '6', '1'),
(2729, '94', '7', '1'),
(2730, '94', '8', '1'),
(2731, '94', '9', '1'),
(2732, '94', '10', '1'),
(2733, '94', '11', '1'),
(2740, '98', '1', '1'),
(2741, '98', '2', '1'),
(2749, '103', '1', '1'),
(2750, '104', '1', '1'),
(2751, '104', '2', '0'),
(2754, '106', '1', '1'),
(2755, '107', '1', '1'),
(2756, '107', '2', '1'),
(2757, '108', '1', '1'),
(2758, '108', '2', '1'),
(2761, '111', '1', '1'),
(2762, '111', '2', '1'),
(2763, '112', '1', '1'),
(2764, '113', '1', '1'),
(2765, '113', '2', '1'),
(2766, '114', '1', '1'),
(2767, '114', '2', '1'),
(2768, '115', '1', '1'),
(2769, '115', '2', '1'),
(2774, '118', '1', '1'),
(2775, '118', '2', '1'),
(2778, '120', '1', '1'),
(2779, '120', '2', '1'),
(2780, '121', '1', '1'),
(2781, '121', '2', '1'),
(2782, '122', '1', '1'),
(2783, '123', '1', '1'),
(2784, '124', '1', '1'),
(2785, '124', '2', '1'),
(2786, '125', '1', '1'),
(2787, '125', '2', '1'),
(2788, '126', '1', '1'),
(2789, '126', '2', '1'),
(2790, '127', '1', '1'),
(2791, '127', '2', '1'),
(2796, '130', '1', '1'),
(2797, '130', '2', '1'),
(2798, '131', '1', '1'),
(2799, '131', '2', '1'),
(2800, '132', '1', '1'),
(2801, '132', '2', '1'),
(2804, '133', '1', '1'),
(2805, '133', '2', '1'),
(2806, '134', '1', '1'),
(2807, '134', '2', '1'),
(2808, '135', '1', '1'),
(2809, '135', '2', '1'),
(2810, '136', '1', '1'),
(2811, '136', '2', '1'),
(2812, '137', '1', '1'),
(2813, '138', '1', '1'),
(2814, '139', '1', '1'),
(2815, '1', '51', '1'),
(2816, '1', '52', '1'),
(2817, '1', '53', '1'),
(2818, '1', '54', '1'),
(2819, '1', '55', '1'),
(2820, '1', '56', '1'),
(2821, '1', '57', '1'),
(2822, '1', '58', '1'),
(2823, '1', '59', '1'),
(2824, '1', '60', '1'),
(2825, '51', '12', '1'),
(2826, '51', '13', '1'),
(2827, '59', '18', '1'),
(2828, '59', '19', '1'),
(2829, '59', '20', '1'),
(2830, '140', '1', '1'),
(2831, '140', '2', '1'),
(2832, '141', '1', '1'),
(2833, '141', '2', '1'),
(2834, '142', '1', '1'),
(2835, '142', '2', '1'),
(2836, '143', '1', '1'),
(2837, '143', '2', '1'),
(2838, '144', '1', '1'),
(2839, '144', '2', '1'),
(2840, '145', '1', '1'),
(2841, '145', '2', '1'),
(2842, '146', '1', '1'),
(2843, '146', '2', '1'),
(2844, '147', '1', '1'),
(2845, '147', '2', '1'),
(2846, '148', '1', '1'),
(2847, '148', '2', '1'),
(2848, '149', '1', '1'),
(2849, '149', '2', '1'),
(2850, '150', '1', '1'),
(2851, '150', '2', '1'),
(2852, '151', '1', '1'),
(2853, '151', '2', '1'),
(2854, '152', '1', '1'),
(2855, '152', '2', '1'),
(2856, '153', '1', '1'),
(2857, '153', '2', '1'),
(2858, '154', '1', '1'),
(2859, '154', '2', '1'),
(2860, '155', '1', '1'),
(2861, '155', '2', '1'),
(2862, '156', '1', '1'),
(2863, '156', '2', '1'),
(2864, '157', '1', '1'),
(2865, '158', '1', '1'),
(2866, '158', '2', '1'),
(2867, '159', '1', '1'),
(2868, '159', '2', '1'),
(2869, '159', '3', '1'),
(2870, '159', '4', '1'),
(2871, '160', '1', '1'),
(2872, '160', '2', '1'),
(2873, '161', '1', '1'),
(2874, '161', '2', '1'),
(2875, '162', '1', '1'),
(2876, '162', '2', '1'),
(2877, '163', '1', '1'),
(2878, '163', '2', '1'),
(2879, '165', '1', '1'),
(2880, '165', '2', '1'),
(2881, '166', '1', '1'),
(2882, '166', '2', '1'),
(2883, '167', '1', '1'),
(2884, '167', '2', '1'),
(2885, '169', '1', '1'),
(2886, '169', '2', '1'),
(2887, '168', '1', '1'),
(2888, '168', '2', '1'),
(2889, '170', '1', '1'),
(2890, '170', '2', '1'),
(2891, '171', '1', '1'),
(2892, '172', '1', '1'),
(2893, '173', '1', '1'),
(2894, '174', '1', '1'),
(2895, '175', '1', '1'),
(2896, '176', '1', '1'),
(2897, '177', '1', '1'),
(2898, '178', '1', '1'),
(2899, '180', '1', '1'),
(2900, '179', '1', '1'),
(2901, '181', '1', '1'),
(2902, '182', '1', '1'),
(2903, '183', '1', '1'),
(2904, '184', '1', '1'),
(2905, '185', '1', '1'),
(2906, '186', '1', '1'),
(2907, '187', '1', '1'),
(2908, '188', '1', '1'),
(2909, '189', '1', '1'),
(2910, '190', '1', '1'),
(2911, '191', '1', '1'),
(2912, '192', '1', '1'),
(2913, '193', '1', '1'),
(2914, '194', '1', '1'),
(2915, '195', '1', '1'),
(2916, '196', '1', '1'),
(2917, '196', '2', '1'),
(2918, '193', '2', '1'),
(2919, '195', '2', '1'),
(2920, '194', '2', '1'),
(2921, '197', '1', '1'),
(2922, '197', '2', '1'),
(2923, '198', '1', '1'),
(2924, '198', '2', '1'),
(2925, '198', '3', '1'),
(2926, '198', '4', '1'),
(2927, '198', '5', '1'),
(2928, '198', '6', '1'),
(2929, '199', '1', '1'),
(2930, '200', '1', '1'),
(2931, '201', '1', '1'),
(2932, '202', '1', '1'),
(2933, '203', '1', '1'),
(2934, '204', '1', '1'),
(2935, '205', '1', '1'),
(2936, '206', '1', '1'),
(2937, '207', '1', '1'),
(2938, '208', '1', '1'),
(2939, '209', '1', '1'),
(2940, '210', '1', '1');

-- --------------------------------------------------------

--
-- Struktur dari tabel `tb_detail_pinjam`
--

CREATE TABLE `tb_detail_pinjam` (
  `id_detail_pinjam` int(11) NOT NULL,
  `id_pinjam` int(11) NOT NULL,
  `id_buku` char(15) NOT NULL,
  `no_buku` int(4) NOT NULL,
  `flag` int(1) DEFAULT NULL
) ENGINE=InnoDB DEFAULT CHARSET=latin1;

-- --------------------------------------------------------

--
-- Struktur dari tabel `tb_kategori`
--

CREATE TABLE `tb_kategori` (
  `id_kategori` int(3) NOT NULL,
  `kategori` varchar(50) NOT NULL
) ENGINE=InnoDB DEFAULT CHARSET=latin1;

--
-- Dumping data untuk tabel `tb_kategori`
--

INSERT INTO `tb_kategori` (`id_kategori`, `kategori`) VALUES
(6, 'Buku Kelas 1'),
(7, 'Buku Kelas 2'),
(8, 'Buku Kelas 3'),
(9, 'Buku Kelas 4'),
(10, 'Buku Kelas 5'),
(11, 'Buku Kelas 6'),
(12, 'belum ada data'),
(13, 'IPA'),
(14, 'Sejarah'),
(15, 'Umum'),
(16, 'Keterampilan'),
(17, 'Agama'),
(18, 'Flora dan Fauna'),
(19, 'Budi Pekerti'),
(20, 'Olahraga'),
(21, 'Seni'),
(22, 'Matematika'),
(23, 'masak'),
(24, 'cerita'),
(25, 'gambar'),
(26, 'Komik');

-- --------------------------------------------------------

--
-- Struktur dari tabel `tb_kelas`
--

CREATE TABLE `tb_kelas` (
  `id_kelas` int(2) NOT NULL,
  `kelas` varchar(10) NOT NULL
) ENGINE=InnoDB DEFAULT CHARSET=latin1;

--
-- Dumping data untuk tabel `tb_kelas`
--

INSERT INTO `tb_kelas` (`id_kelas`, `kelas`) VALUES
(34, 'I SD'),
(35, 'II SD'),
(36, 'III SD'),
(37, 'IV SD'),
(38, 'V SD'),
(39, 'VI SD');

-- --------------------------------------------------------

--
-- Struktur dari tabel `tb_kembali`
--

CREATE TABLE `tb_kembali` (
  `id_kembali` int(11) NOT NULL,
  `id_pinjam` int(11) NOT NULL,
  `tgl_dikembalikan` date NOT NULL,
  `terlambat` int(2) NOT NULL,
  `id_denda` int(6) NOT NULL,
  `denda` int(11) NOT NULL
) ENGINE=InnoDB DEFAULT CHARSET=latin1;

-- --------------------------------------------------------

--
-- Struktur dari tabel `tb_login`
--

CREATE TABLE `tb_login` (
  `username` varchar(15) NOT NULL,
  `password` varchar(75) NOT NULL,
  `stts` varchar(10) NOT NULL
) ENGINE=InnoDB DEFAULT CHARSET=latin1;

--
-- Dumping data untuk tabel `tb_login`
--

INSERT INTO `tb_login` (`username`, `password`, `stts`) VALUES
('AdamH', '827ccb0eea8a706c4c34a16891f84e7b', 'admin'),
('Admin', 'e3afed0047b08059d0fada10f400c1e5', 'admin'),
('petugas', 'afb91ef692fd08c445e8cb1bab2ccf9c', 'petugas'),
('Rofian', '827ccb0eea8a706c4c34a16891f84e7b', 'admin'),
('Yusup', '827ccb0eea8a706c4c34a16891f84e7b', 'petugas');

-- --------------------------------------------------------

--
-- Struktur dari tabel `tb_penerbit`
--

CREATE TABLE `tb_penerbit` (
  `id_penerbit` int(3) NOT NULL,
  `nama_penerbit` varchar(50) NOT NULL,
  `id_provinsi` int(4) NOT NULL
) ENGINE=InnoDB DEFAULT CHARSET=latin1;

--
-- Dumping data untuk tabel `tb_penerbit`
--

INSERT INTO `tb_penerbit` (`id_penerbit`, `nama_penerbit`, `id_provinsi`) VALUES
(7, 'Pusat Kurikulum & Pembukuan Balitbang Kemendikbud', 7),
(8, 'CV. Arya Duta', 9),
(9, 'CV. Putra Nugraha', 9),
(10, 'PT. Nyata Grafika Media Surabaya', 9),
(11, 'CV. Bumi Pustaka', 9),
(12, 'PT. Temrina Media Grafika', 11),
(13, 'PT. Thursina Mediana Utama', 9),
(14, 'Media Tama', 9),
(15, 'Dinas Pendidikan Yogyakarta', 2),
(16, 'Media Karya Putra', 2),
(17, 'CV. Smart Con Sulting Indonesia', 7),
(21, 'PT. Era Adicitra Intermedia', 13),
(22, 'Ganeca Exact', 7),
(23, 'CV. Megah Jaya', 7),
(25, 'Karya Mandiri Nusantara', 20),
(26, 'PT. Tiga Serangkai Pusaka Mandiri', 16),
(27, 'Puspa Swara', 17),
(29, 'Lasha Jaya', 17),
(30, 'CV. Media tama', 9),
(31, 'PT. Bina Sumber Daya Mipa', 7),
(33, 'Insan Cendikia', 18),
(35, 'Trisula Adisakti', 7),
(36, 'Cv. Citra Cipta Purwosari', 7),
(37, 'PT. Kiara Alifiani', 19),
(38, 'Karya Mandiri Pratama', 7),
(41, 'SIC', 18),
(43, 'Aneka Ilmu', 21),
(44, 'PT. Karya Kita', 12),
(45, 'PT. Sarana Panca Karya Nusa', 7),
(46, 'Insan Madani', 2),
(47, 'PT. Intan Sejati Klaten', 23),
(48, 'PT. Delta Pamungkas', 24),
(49, 'Mitra Utama', 22),
(50, 'Grafindo Media Pratama', 7),
(51, 'PT. Setia Purna Inves', 12),
(52, 'Tiga Serangkai', 16),
(53, 'CV. Empat Pilar Pendidikan', 2),
(54, 'Inter Plus', 7),
(55, 'PT. Imperial Bhakti Utama', 7),
(56, 'Sketsa Askara Lalitya', 7),
(57, 'PT. Musi Perkasa Utama', 9),
(58, 'Sinergi Pustaka Indonesia', 12),
(59, 'Visi Mandiri', 13),
(60, 'Al-Qudwah', 13),
(61, 'Bhuana Ilmu Populer', 7),
(62, 'Ziyad', 13),
(63, 'Al-Kautsar Kids', 25),
(64, 'Bintang Indonesia', 7),
(65, 'PT. Gaya Favorit Press', 7),
(66, 'Kriya Pustaka', 7),
(67, 'Daffa Media', 9),
(68, 'PT. Gramedia Pustaka Utama', 7),
(69, 'PT. Gramedia Pustaka Utama', 7),
(70, 'Ecosystem Publising', 18),
(71, 'Playground', 2),
(72, 'PT. Elex Media Koputindo', 7),
(73, 'Scritto Books Publisher', 26),
(74, 'Checklist', 22),
(75, 'Laksana', 2),
(76, 'Salam Kids', 12),
(77, 'Gema Insani', 17),
(78, 'Bintang Kelas', 13),
(79, 'BE Publising', 27),
(80, 'Quantum Ilmu', 2),
(81, 'PT. Mizan Pustaka', 12),
(82, 'Jogja Great Publisher', 2),
(83, 'Pelangi Mizan', 12),
(84, 'Diva Press', 2),
(85, 'PT. Wahyumedia', 19),
(86, 'Grasindo', 7);

-- --------------------------------------------------------

--
-- Struktur dari tabel `tb_pengarang`
--

CREATE TABLE `tb_pengarang` (
  `id_pengarang` int(3) NOT NULL,
  `nama_pengarang` varchar(50) NOT NULL
) ENGINE=InnoDB DEFAULT CHARSET=latin1;

--
-- Dumping data untuk tabel `tb_pengarang`
--

INSERT INTO `tb_pengarang` (`id_pengarang`, `nama_pengarang`) VALUES
(7, 'Angi ST. Anggari ,dkk'),
(8, 'Maryanto'),
(9, 'Heny Kusumawati'),
(10, 'Fransiska Susilo Wati'),
(11, 'Ari Subekti'),
(12, 'Diana Puspa Karitas'),
(13, 'Taufina'),
(14, 'Irene MJA, Fransiska S'),
(15, 'Diana Karitas, Fransiska'),
(16, 'Novilia Adelia dkk'),
(17, 'Nurhasanah dkk'),
(18, 'Sonya Sinyanyuri, Lubna Assegaf'),
(19, 'Yun Kusumawati dkk'),
(20, 'Diana Puspa Karitas dkk'),
(21, 'Purnomo Sidi'),
(22, 'Faisal'),
(23, 'Fransiska, Diana Karitas'),
(24, 'Maryanto dkk'),
(25, 'Irene Maria Juli Astuti'),
(26, 'Yanti kurnianingsih dkk'),
(27, 'Suharji dkk'),
(28, 'Achmad Husein dkk'),
(29, 'Angi ST. Anggari'),
(30, 'Suparmin, dkk'),
(31, 'Nur Hasanah'),
(32, 'Yun Kusumawati'),
(33, 'Ibba Muhibba'),
(34, 'Sonya Sinyanyuri'),
(35, 'Sutriyana S.Pd, dkk'),
(36, 'Drs. Jumari M.Pd, dkk'),
(37, 'Sutriyana S.Pd'),
(38, 'Drs. Sutrisno W'),
(39, 'Novilia Adeliano, dkk'),
(40, 'Setiyo Iswoyo, dkk'),
(41, 'Sonya Sinyanyuri, dkk'),
(42, 'Sari Kusuma Dewi, dkk'),
(43, 'Ibba Muhibba, dkk'),
(44, 'Ari Yuliyanti, S.Pd'),
(45, 'Dr. Nina Surtiretna,Sp.A.,M.Kes'),
(46, 'Satrio A. Yudhoyono'),
(47, 'B.A Saleh'),
(48, 'Fitri Nurhartati, S.Pd ,dkk'),
(49, 'Susan'),
(50, 'Miftah F'),
(51, 'M. Anshori'),
(52, 'Idris Harta'),
(53, 'A. Ruhimat'),
(54, 'Retno Sulistyowati, dkk'),
(55, 'Abu Alea Zahran'),
(56, 'Ali Muakhir'),
(57, 'Muhammad Naufal Zharif Bakar'),
(58, 'Aji Arifin, dkk'),
(59, 'Dra. Setiorini, dkk'),
(60, 'Alya Nur Fauziah'),
(61, 'Arika Putri Nisa Kamila'),
(62, 'Hermawan'),
(63, 'Arief Rizal'),
(64, 'Prof. Dasteghrib'),
(65, 'Sumiharto'),
(66, 'Andrian'),
(67, 'Gupron'),
(68, 'B. Fariz J.M. Misbah S.Pd'),
(69, 'Mitha Yanuarti'),
(70, 'Nurul Ihsan'),
(71, 'Rasyid E. Abby'),
(72, 'Najib Sulhan, dkk'),
(73, 'Meidiana Friskasari'),
(74, 'Munasifah'),
(75, 'Aminudin'),
(76, 'Lilik Hasanah'),
(77, 'Ari Wahyu Aryandi'),
(78, 'Mukhlish'),
(79, 'Bagas Shinugi'),
(80, 'Abdul Murs'),
(81, 'Sumiyati Sa\'adah'),
(82, 'Drs. Suhendiana Noor, dkk'),
(83, 'Zulfairy'),
(84, 'Anita Van Saan'),
(85, 'Dorling Kindersiey'),
(86, 'Andy Santoso'),
(87, 'Budi Prawoto'),
(88, 'Drajat'),
(89, 'Prof.Dr. Achmad Mubarok, M.A, dkk'),
(90, 'Geri Achmadi'),
(91, 'Suhardi'),
(92, 'M. Fahmi Zaki'),
(93, 'Irawati Subraya'),
(94, 'Kazuhana el Ratna M'),
(95, 'Endang Rina'),
(96, 'Andi Wahyu'),
(97, 'Erlina Zachi'),
(98, 'Aisha Shafa'),
(99, 'Tim Primarasa'),
(100, 'Utari Ninghadiyati'),
(101, 'Iin Indarti'),
(102, 'Sisca Soewitomo'),
(103, 'tidak ada data'),
(104, 'Drs. Agus Hidayat'),
(105, 'Agustiana Dwi Rahayu'),
(106, 'May Belle'),
(107, 'Kak Wulan, dkk'),
(108, 'Mulasig Tary'),
(109, 'Mahadewa Adi Seta'),
(110, 'Hernawati, dkk'),
(111, 'Rosi L. Simamora'),
(112, 'Tartila Tartusi'),
(113, 'Ifa Avianty'),
(114, 'Tim Perisai Qur\'an'),
(115, 'Rian F. Rahman'),
(116, 'Yoli Hemdi'),
(117, 'Dwi Astuti'),
(118, 'Addys Aldizar, dkk'),
(119, 'Gamal Komandoko'),
(120, 'Nur Kutlu'),
(121, 'Stella Lesmana,Sp.kGA,drg , dkk'),
(122, 'Kak Tyas'),
(123, 'Kak Ispaidi'),
(124, 'Erwan Raihan'),
(125, 'Ririn Rahayu Astuti Ningrum'),
(126, 'Tim Gema Insani'),
(127, 'Kak Nung'),
(128, 'Jaka Perdana Putra'),
(129, 'Ammira Anna W,M.Pd');

-- --------------------------------------------------------

--
-- Struktur dari tabel `tb_petugas`
--

CREATE TABLE `tb_petugas` (
  `id_petugas` char(10) NOT NULL,
  `nama` varchar(100) NOT NULL,
  `img` varchar(50) NOT NULL,
  `jenis_kelamin` enum('L','P') NOT NULL,
  `alamat` text NOT NULL,
  `password` varchar(50) NOT NULL,
  `id_agama` int(2) NOT NULL,
  `hp` varchar(15) NOT NULL,
  `ket` text NOT NULL
) ENGINE=InnoDB DEFAULT CHARSET=latin1;

--
-- Dumping data untuk tabel `tb_petugas`
--

INSERT INTO `tb_petugas` (`id_petugas`, `nama`, `img`, `jenis_kelamin`, `alamat`, `password`, `id_agama`, `hp`, `ket`) VALUES
('AdamH', 'Adam Hudayanto', 'ID9MZQLJY7OSEK0HF1GB532TP86W4UXRAVNC.jpg', 'L', 'Blawong 2, Trimulyo, Jetis Bantul', '12345', 2, '-', ''),
('Admin', 'Admin SD Mublasa', 'KAQJRBXL417IEZDOT0U9V83YF2PNHWSM56GC.png', 'P', 'blawong 2, Trimulyo, Jetis, Bantul', 'Admin', 2, '-', ''),
('petugas', 'petugas', 'DM0FJSLUB7NIR4WOY35HZVK9P8X6ETAQ21GC.png', 'L', 'blawong', 'petugas', 2, '-', ''),
('Rofian', 'Rofian Nur P', 'BU1PYRI65EHJQOAVS74G9C3WT0FN2KZLD8MX.png', 'L', 'Kalimantan Barat', '12345', 2, '-', ''),
('Yusup', 'Yusup Hanafi', '1B5KIHYS096PDJULXQOWRT4FEGC8237AZMNV.png', 'L', 'Boyolali', '12345', 2, '-', '');

-- --------------------------------------------------------

--
-- Struktur dari tabel `tb_pinjam`
--

CREATE TABLE `tb_pinjam` (
  `id_pinjam` int(11) NOT NULL,
  `tgl_pinjam` date NOT NULL,
  `id_anggota` varchar(11) NOT NULL,
  `tgl_kembali` date NOT NULL,
  `total_buku` int(4) NOT NULL,
  `status` int(1) NOT NULL
) ENGINE=InnoDB DEFAULT CHARSET=latin1;

-- --------------------------------------------------------

--
-- Struktur dari tabel `tb_provinsi`
--

CREATE TABLE `tb_provinsi` (
  `id_provinsi` int(2) NOT NULL,
  `nama_provinsi` varchar(50) NOT NULL,
  `kota` varchar(50) NOT NULL
) ENGINE=InnoDB DEFAULT CHARSET=latin1;

--
-- Dumping data untuk tabel `tb_provinsi`
--

INSERT INTO `tb_provinsi` (`id_provinsi`, `nama_provinsi`, `kota`) VALUES
(1, 'Sumatera Selatan', 'Palembang'),
(2, 'D.I.Y Yogyakarta', 'Yogya'),
(4, 'Jambi', 'Jambi Kota'),
(6, 'Pekan Baru', 'Riau'),
(7, 'Jakarta', 'Jakarta'),
(9, 'belum ada data', 'belum ada data'),
(11, 'Jawa Timur', 'Nganjuk'),
(12, 'Bandung', 'Jawa barat'),
(13, 'Surakarta', 'Surakarta'),
(16, 'Solo', 'Jawa Tengah'),
(17, 'Depok', 'Jawa Barat'),
(18, 'Surabaya', 'Surabaya'),
(19, 'Jakarta Selatan', 'Jakarta'),
(20, 'Jakarta Barat', 'Jakarta'),
(21, 'Semarang', 'Jawa Tengah'),
(22, 'Bekasi', 'Jawa Barat'),
(23, 'Klaten', 'Jawa Tengah'),
(24, 'Bogor', 'Jawa Barat'),
(25, 'Jakarta Timur', 'Jawa Barat'),
(26, 'Sleman', 'Jawa Tengah'),
(27, 'Tangerang', 'Jawa Barat');

-- --------------------------------------------------------

--
-- Struktur dari tabel `tb_rak`
--

CREATE TABLE `tb_rak` (
  `no_rak` int(2) NOT NULL,
  `nama_rak` varchar(50) NOT NULL,
  `id_kategori` int(3) NOT NULL
) ENGINE=InnoDB DEFAULT CHARSET=latin1;

--
-- Dumping data untuk tabel `tb_rak`
--

INSERT INTO `tb_rak` (`no_rak`, `nama_rak`, `id_kategori`) VALUES
(6, 'belum ada data', 12);

-- --------------------------------------------------------

--
-- Struktur dari tabel `test`
--

CREATE TABLE `test` (
  `kode` varchar(12) NOT NULL,
  `nama` varchar(100) NOT NULL,
  `mboh` varchar(100) NOT NULL
) ENGINE=InnoDB DEFAULT CHARSET=latin1;

--
-- Dumping data untuk tabel `test`
--

INSERT INTO `test` (`kode`, `nama`, `mboh`) VALUES
('', 'ari', ''),
('Kode000001', 'ari2', ''),
('Kode000002', 'ari2', ''),
('Kode000003', 'Ariandi AS', ''),
('', 'ari', ''),
('Kode000001', 'ari2', ''),
('Kode000002', 'ari2', ''),
('Kode000003', 'Ariandi AS', '');

--
-- Indexes for dumped tables
--

--
-- Indeks untuk tabel `tb_admin`
--
ALTER TABLE `tb_admin`
  ADD PRIMARY KEY (`id_admin`),
  ADD KEY `id_admin` (`id_admin`,`password`,`nama`,`alamat`,`no_hp`),
  ADD KEY `id_admin_2` (`id_admin`,`password`,`nama`,`alamat`,`no_hp`,`img`);

--
-- Indeks untuk tabel `tb_agama`
--
ALTER TABLE `tb_agama`
  ADD PRIMARY KEY (`id_agama`);

--
-- Indeks untuk tabel `tb_anggota`
--
ALTER TABLE `tb_anggota`
  ADD PRIMARY KEY (`id_anggota`),
  ADD KEY `id_agama` (`id_agama`),
  ADD KEY `id_kelas` (`id_kelas`);

--
-- Indeks untuk tabel `tb_buku`
--
ALTER TABLE `tb_buku`
  ADD PRIMARY KEY (`id_buku`),
  ADD KEY `id_kategori` (`id_kategori`),
  ADD KEY `id_penerbit` (`id_penerbit`),
  ADD KEY `id_pengarang` (`id_pengarang`),
  ADD KEY `no_rak` (`no_rak`),
  ADD KEY `id_buku` (`id_buku`,`ISBN`,`judul`,`id_kategori`,`id_penerbit`,`id_pengarang`,`no_rak`,`thn_terbit`,`stok`);

--
-- Indeks untuk tabel `tb_denda`
--
ALTER TABLE `tb_denda`
  ADD PRIMARY KEY (`id_denda`);

--
-- Indeks untuk tabel `tb_detail_buku`
--
ALTER TABLE `tb_detail_buku`
  ADD KEY `id_detail_buku` (`id_detail_buku`,`id_buku`,`no_buku`,`status`),
  ADD KEY `id_buku` (`id_buku`);

--
-- Indeks untuk tabel `tb_detail_pinjam`
--
ALTER TABLE `tb_detail_pinjam`
  ADD PRIMARY KEY (`id_detail_pinjam`),
  ADD KEY `id_anggota` (`id_pinjam`),
  ADD KEY `id_detail_pinjam` (`id_detail_pinjam`,`id_pinjam`,`id_buku`,`no_buku`),
  ADD KEY `id_buku` (`id_buku`);

--
-- Indeks untuk tabel `tb_kategori`
--
ALTER TABLE `tb_kategori`
  ADD PRIMARY KEY (`id_kategori`);

--
-- Indeks untuk tabel `tb_kelas`
--
ALTER TABLE `tb_kelas`
  ADD PRIMARY KEY (`id_kelas`);

--
-- Indeks untuk tabel `tb_kembali`
--
ALTER TABLE `tb_kembali`
  ADD PRIMARY KEY (`id_kembali`),
  ADD KEY `id_detail` (`id_pinjam`),
  ADD KEY `id_kembali` (`id_kembali`,`id_pinjam`,`tgl_dikembalikan`,`terlambat`,`id_denda`);

--
-- Indeks untuk tabel `tb_login`
--
ALTER TABLE `tb_login`
  ADD PRIMARY KEY (`username`),
  ADD KEY `username` (`username`,`password`,`stts`);

--
-- Indeks untuk tabel `tb_penerbit`
--
ALTER TABLE `tb_penerbit`
  ADD PRIMARY KEY (`id_penerbit`),
  ADD KEY `id_penerbit` (`id_penerbit`,`nama_penerbit`,`id_provinsi`),
  ADD KEY `id_provinsi` (`id_provinsi`);

--
-- Indeks untuk tabel `tb_pengarang`
--
ALTER TABLE `tb_pengarang`
  ADD PRIMARY KEY (`id_pengarang`);

--
-- Indeks untuk tabel `tb_petugas`
--
ALTER TABLE `tb_petugas`
  ADD PRIMARY KEY (`id_petugas`),
  ADD KEY `id_agama` (`id_agama`);

--
-- Indeks untuk tabel `tb_pinjam`
--
ALTER TABLE `tb_pinjam`
  ADD PRIMARY KEY (`id_pinjam`),
  ADD KEY `id_detail` (`tgl_kembali`),
  ADD KEY `id_buku` (`id_anggota`),
  ADD KEY `id_pinjam` (`id_pinjam`,`tgl_pinjam`,`id_anggota`,`tgl_kembali`,`total_buku`);

--
-- Indeks untuk tabel `tb_provinsi`
--
ALTER TABLE `tb_provinsi`
  ADD PRIMARY KEY (`id_provinsi`);

--
-- Indeks untuk tabel `tb_rak`
--
ALTER TABLE `tb_rak`
  ADD PRIMARY KEY (`no_rak`),
  ADD KEY `id_kategori` (`id_kategori`);

--
-- AUTO_INCREMENT untuk tabel yang dibuang
--

--
-- AUTO_INCREMENT untuk tabel `tb_agama`
--
ALTER TABLE `tb_agama`
  MODIFY `id_agama` int(2) NOT NULL AUTO_INCREMENT, AUTO_INCREMENT=7;

--
-- AUTO_INCREMENT untuk tabel `tb_denda`
--
ALTER TABLE `tb_denda`
  MODIFY `id_denda` int(6) NOT NULL AUTO_INCREMENT, AUTO_INCREMENT=9;

--
-- AUTO_INCREMENT untuk tabel `tb_detail_buku`
--
ALTER TABLE `tb_detail_buku`
  MODIFY `id_detail_buku` int(11) NOT NULL AUTO_INCREMENT, AUTO_INCREMENT=2941;

--
-- AUTO_INCREMENT untuk tabel `tb_detail_pinjam`
--
ALTER TABLE `tb_detail_pinjam`
  MODIFY `id_detail_pinjam` int(11) NOT NULL AUTO_INCREMENT, AUTO_INCREMENT=122;

--
-- AUTO_INCREMENT untuk tabel `tb_kategori`
--
ALTER TABLE `tb_kategori`
  MODIFY `id_kategori` int(3) NOT NULL AUTO_INCREMENT, AUTO_INCREMENT=27;

--
-- AUTO_INCREMENT untuk tabel `tb_kelas`
--
ALTER TABLE `tb_kelas`
  MODIFY `id_kelas` int(2) NOT NULL AUTO_INCREMENT, AUTO_INCREMENT=40;

--
-- AUTO_INCREMENT untuk tabel `tb_kembali`
--
ALTER TABLE `tb_kembali`
  MODIFY `id_kembali` int(11) NOT NULL AUTO_INCREMENT, AUTO_INCREMENT=11;

--
-- AUTO_INCREMENT untuk tabel `tb_penerbit`
--
ALTER TABLE `tb_penerbit`
  MODIFY `id_penerbit` int(3) NOT NULL AUTO_INCREMENT, AUTO_INCREMENT=87;

--
-- AUTO_INCREMENT untuk tabel `tb_pengarang`
--
ALTER TABLE `tb_pengarang`
  MODIFY `id_pengarang` int(3) NOT NULL AUTO_INCREMENT, AUTO_INCREMENT=130;

--
-- AUTO_INCREMENT untuk tabel `tb_pinjam`
--
ALTER TABLE `tb_pinjam`
  MODIFY `id_pinjam` int(11) NOT NULL AUTO_INCREMENT, AUTO_INCREMENT=106;

--
-- AUTO_INCREMENT untuk tabel `tb_provinsi`
--
ALTER TABLE `tb_provinsi`
  MODIFY `id_provinsi` int(2) NOT NULL AUTO_INCREMENT, AUTO_INCREMENT=28;

--
-- AUTO_INCREMENT untuk tabel `tb_rak`
--
ALTER TABLE `tb_rak`
  MODIFY `no_rak` int(2) NOT NULL AUTO_INCREMENT, AUTO_INCREMENT=7;

--
-- Ketidakleluasaan untuk tabel pelimpahan (Dumped Tables)
--

--
-- Ketidakleluasaan untuk tabel `tb_anggota`
--
ALTER TABLE `tb_anggota`
  ADD CONSTRAINT `tb_anggota_ibfk_1` FOREIGN KEY (`id_agama`) REFERENCES `tb_agama` (`id_agama`) ON DELETE CASCADE ON UPDATE CASCADE,
  ADD CONSTRAINT `tb_anggota_ibfk_2` FOREIGN KEY (`id_kelas`) REFERENCES `tb_kelas` (`id_kelas`) ON DELETE CASCADE ON UPDATE CASCADE;

--
-- Ketidakleluasaan untuk tabel `tb_buku`
--
ALTER TABLE `tb_buku`
  ADD CONSTRAINT `tb_buku_ibfk_1` FOREIGN KEY (`id_kategori`) REFERENCES `tb_kategori` (`id_kategori`) ON DELETE CASCADE ON UPDATE CASCADE,
  ADD CONSTRAINT `tb_buku_ibfk_2` FOREIGN KEY (`id_penerbit`) REFERENCES `tb_penerbit` (`id_penerbit`) ON DELETE CASCADE ON UPDATE CASCADE,
  ADD CONSTRAINT `tb_buku_ibfk_3` FOREIGN KEY (`id_pengarang`) REFERENCES `tb_pengarang` (`id_pengarang`) ON DELETE CASCADE ON UPDATE CASCADE,
  ADD CONSTRAINT `tb_buku_ibfk_4` FOREIGN KEY (`no_rak`) REFERENCES `tb_rak` (`no_rak`) ON DELETE CASCADE ON UPDATE CASCADE;

--
-- Ketidakleluasaan untuk tabel `tb_detail_buku`
--
ALTER TABLE `tb_detail_buku`
  ADD CONSTRAINT `tb_detail_buku_ibfk_1` FOREIGN KEY (`id_buku`) REFERENCES `tb_buku` (`id_buku`) ON DELETE CASCADE ON UPDATE CASCADE;

--
-- Ketidakleluasaan untuk tabel `tb_detail_pinjam`
--
ALTER TABLE `tb_detail_pinjam`
  ADD CONSTRAINT `tb_detail_pinjam_ibfk_1` FOREIGN KEY (`id_pinjam`) REFERENCES `tb_pinjam` (`id_pinjam`) ON DELETE CASCADE ON UPDATE CASCADE,
  ADD CONSTRAINT `tb_detail_pinjam_ibfk_2` FOREIGN KEY (`id_buku`) REFERENCES `tb_buku` (`id_buku`) ON DELETE CASCADE ON UPDATE CASCADE;

--
-- Ketidakleluasaan untuk tabel `tb_kembali`
--
ALTER TABLE `tb_kembali`
  ADD CONSTRAINT `tb_kembali_ibfk_1` FOREIGN KEY (`id_pinjam`) REFERENCES `tb_pinjam` (`id_pinjam`) ON DELETE CASCADE ON UPDATE CASCADE;

--
-- Ketidakleluasaan untuk tabel `tb_penerbit`
--
ALTER TABLE `tb_penerbit`
  ADD CONSTRAINT `tb_penerbit_ibfk_1` FOREIGN KEY (`id_provinsi`) REFERENCES `tb_provinsi` (`id_provinsi`) ON DELETE CASCADE ON UPDATE CASCADE;

--
-- Ketidakleluasaan untuk tabel `tb_petugas`
--
ALTER TABLE `tb_petugas`
  ADD CONSTRAINT `tb_petugas_ibfk_1` FOREIGN KEY (`id_agama`) REFERENCES `tb_agama` (`id_agama`) ON DELETE CASCADE ON UPDATE CASCADE;

--
-- Ketidakleluasaan untuk tabel `tb_pinjam`
--
ALTER TABLE `tb_pinjam`
  ADD CONSTRAINT `tb_pinjam_ibfk_1` FOREIGN KEY (`id_anggota`) REFERENCES `tb_anggota` (`id_anggota`) ON DELETE CASCADE ON UPDATE CASCADE;

--
-- Ketidakleluasaan untuk tabel `tb_rak`
--
ALTER TABLE `tb_rak`
  ADD CONSTRAINT `tb_rak_ibfk_1` FOREIGN KEY (`id_kategori`) REFERENCES `tb_kategori` (`id_kategori`) ON DELETE CASCADE ON UPDATE CASCADE;
COMMIT;

/*!40101 SET CHARACTER_SET_CLIENT=@OLD_CHARACTER_SET_CLIENT */;
/*!40101 SET CHARACTER_SET_RESULTS=@OLD_CHARACTER_SET_RESULTS */;
/*!40101 SET COLLATION_CONNECTION=@OLD_COLLATION_CONNECTION */;
